label,score
normal/999,0.0775315
normal/998,0.10640793
normal/997,0.057514504
normal/996,0.18457745
normal/995,0.22684467
normal/994,0.06868301
normal/993,0.06411975
normal/992,0.20913826
normal/991,0.019250333
normal/990,0.05054504
normal/99,0.08822164
normal/989,0.12800309
normal/988,0.37537205
normal/987,0.020740826
normal/986,0.09340363
normal/985,0.062673464
normal/984,0.08850307
normal/983,0.024904242
normal/982,0.05746791
normal/981,0.057991706
normal/980,0.019856662
normal/98,0.0252119
normal/979,0.19909942
normal/977,0.014904556
normal/976,0.013768155
normal/975,0.011102112
normal/974,0.064723775
normal/973,0.42095524
normal/972,0.08314708
normal/971,0.014104488
normal/970,0.07411471
normal/97,0.04382687
normal/969,0.081455916
normal/968,0.1866528
normal/967,0.011728018
normal/966,0.048791315
normal/965,0.119651556
normal/964,0.039988615
normal/963,0.033018272
normal/962,0.36196622
normal/961,0.045171488
normal/960,0.15343635
normal/96,0.35348284
normal/959,0.1127217
normal/958,0.086975545
normal/957,0.06126892
normal/956,0.07248938
normal/955,0.03210865
normal/954,0.051444843
normal/953,0.20084357
normal/952,0.015156399
normal/951,0.12462409
normal/950,0.108385265
normal/95,0.14105059
normal/949,0.014459473
normal/948,0.047753908
normal/947,0.052632757
normal/946,0.062260106
normal/945,0.07371344
normal/944,0.02518034
normal/943,0.07658934
normal/942,0.038012996
normal/941,0.059859388
normal/940,0.046085577
normal/94,0.039657366
normal/939,0.24097095
normal/938,0.06213223
normal/937,0.0279795
normal/936,0.023057666
normal/935,0.11776467
normal/934,0.0384999
normal/933,0.021309225
normal/932,0.14012858
normal/931,0.19776613
normal/930,0.03407357
normal/93,0.0099305315
normal/929,0.0690723
normal/928,0.061747313
normal/927,0.051945426
normal/926,0.096003756
normal/925,0.0130407335
normal/924,0.022766555
normal/923,0.05585365
normal/922,0.066415034
normal/921,0.020557988
normal/920,0.37156323
normal/92,0.11755106
normal/919,0.062460154
normal/918,0.056144193
normal/917,0.076645955
normal/916,0.04173357
normal/915,0.016444802
normal/914,0.04205252
normal/913,0.09741892
normal/912,0.048965305
normal/911,0.054360524
normal/910,0.044118717
normal/91,0.07229435
normal/909,0.37714386
normal/908,0.05003895
normal/907,0.019680483
normal/906,0.09896431
normal/905,0.10149438
normal/904,0.072762296
normal/903,0.08543314
normal/902,0.17946085
normal/901,0.0068441075
normal/900,0.1389306
normal/90,0.056568343
normal/9,0.23709415
normal/899,0.05737618
normal/898,0.07432469
normal/896,0.012721833
normal/895,0.29257974
normal/894,0.05054472
normal/893,0.102300346
normal/892,0.14136048
normal/891,0.023553418
normal/890,0.07680619
normal/89,0.29900438
normal/889,0.043164037
normal/888,0.06337867
normal/887,0.120876156
normal/886,0.25686064
normal/885,0.044497456
normal/884,0.026934266
normal/883,0.090324424
normal/882,0.36844817
normal/881,0.26910725
normal/880,0.052940574
normal/88,0.16546725
normal/879,0.028631797
normal/878,0.10921622
normal/877,0.066199094
normal/876,0.15821594
normal/875,0.07340746
normal/874,0.1578498
normal/873,0.43900856
normal/872,0.02049457
normal/871,0.10407392
normal/870,0.123660445
normal/87,0.03523307
normal/869,0.14121425
normal/868,0.28343448
normal/867,0.3107739
normal/866,0.16427714
normal/865,0.020836184
normal/864,0.07987121
normal/863,0.07520392
normal/862,0.203609
normal/861,0.04934266
normal/860,0.065268375
normal/86,0.09404259
normal/859,0.045295708
normal/858,0.09489402
normal/857,0.05884967
normal/856,0.023830822
normal/855,0.060932703
normal/854,0.058222264
normal/853,0.033095002
normal/852,0.048490245
normal/851,0.06544418
normal/850,0.026556974
normal/85,0.3106571
normal/849,0.1414279
normal/848,0.12288518
normal/847,0.20112866
normal/846,0.07097049
normal/845,0.05448543
normal/844,0.36992636
normal/843,0.029679598
normal/842,0.03431456
normal/841,0.05094299
normal/840,0.024341645
normal/84,0.14075638
normal/839,0.053515993
normal/838,0.28444272
normal/837,0.0026979854
normal/836,0.08279089
normal/835,0.063877404
normal/834,0.15475483
normal/833,0.13083066
normal/832,0.16427597
normal/831,0.015346064
normal/830,0.10599379
normal/83,0.3752597
normal/829,0.03025613
normal/828,0.022514831
normal/827,0.12444806
normal/826,0.031291433
normal/825,0.031569306
normal/824,0.16811953
normal/823,0.08659629
normal/822,0.3029485
normal/821,0.0052989856
normal/820,0.18488042
normal/82,0.058419686
normal/819,0.050503477
normal/818,0.033047333
normal/817,0.10163738
normal/816,0.08646257
normal/815,0.014267175
normal/814,0.026530556
normal/813,0.054327145
normal/812,0.039076775
normal/811,0.06397694
normal/810,0.06450462
normal/81,0.06600592
normal/809,0.24629913
normal/808,0.10621837
normal/807,0.20920789
normal/806,0.14625512
normal/805,0.031154193
normal/804,0.049477827
normal/803,0.13995476
normal/802,0.050328046
normal/801,0.11098796
normal/800,0.05490748
normal/80,0.17283021
normal/8,0.36703816
normal/799,0.04104263
normal/798,0.36079955
normal/797,0.045394495
normal/796,0.03750603
normal/795,0.18095085
normal/794,0.04284043
normal/793,0.07744256
normal/792,0.06643614
normal/791,0.025475357
normal/790,0.040538587
normal/79,0.032510925
normal/789,0.050919097
normal/788,0.1819805
normal/787,0.07842755
normal/786,0.374406
normal/785,0.049866676
normal/784,0.022271667
normal/783,0.09943101
normal/782,0.1190987
normal/781,0.32329163
normal/780,0.0628353
normal/78,0.3274194
normal/779,0.11641693
normal/778,0.1068849
normal/777,0.035729203
normal/776,0.07888591
normal/775,0.43084508
normal/774,0.01842216
normal/773,0.07857944
normal/772,0.2645634
normal/771,0.28787345
normal/770,0.048815537
normal/77,0.13428365
normal/769,0.06537036
normal/768,0.030495077
normal/767,0.23122203
normal/766,0.013108917
normal/765,0.043433055
normal/764,0.08295545
normal/763,0.0019076229
normal/762,0.43039754
normal/761,0.07670259
normal/760,0.09129664
normal/76,0.04112921
normal/759,0.14883475
normal/758,0.25137997
normal/757,0.08085448
normal/756,0.28130776
normal/755,0.23569503
normal/754,0.09700179
normal/753,0.046845056
normal/752,0.06326528
normal/751,0.15547356
normal/750,0.018617233
normal/75,0.27311808
normal/749,0.06468205
normal/748,0.06839892
normal/747,0.12740618
normal/746,0.08084182
normal/744,0.042789217
normal/743,0.029918857
normal/742,0.07030491
normal/741,0.3896761
normal/740,0.11033323
normal/74,0.23818637
normal/739,0.056644842
normal/738,0.06549038
normal/737,0.016252717
normal/736,0.115168095
normal/735,0.033448584
normal/734,0.19089623
normal/733,0.022768375
normal/732,0.18093204
normal/731,0.14076588
normal/730,0.070248954
normal/73,0.25495887
normal/729,0.4562305
normal/728,0.2765675
normal/727,0.019907512
normal/726,0.0138052935
normal/725,0.118014745
normal/724,0.08754218
normal/723,0.055791494
normal/722,0.013018496
normal/721,0.13107365
normal/720,0.11034176
normal/72,0.13665152
normal/719,0.044698764
normal/718,0.16525586
normal/717,0.042278472
normal/716,0.07559557
normal/715,0.039517142
normal/714,0.0837127
normal/713,0.44264433
normal/712,0.10268862
normal/711,0.16417652
normal/710,0.13608937
normal/71,0.027264012
normal/709,0.10299246
normal/708,0.2977775
normal/707,0.041931927
normal/706,0.04905632
normal/705,0.013181264
normal/704,0.022540707
normal/703,0.07591933
normal/702,0.122906834
normal/701,0.013782313
normal/700,0.04797922
normal/70,0.063155144
normal/7,0.056527358
normal/699,0.08356286
normal/698,0.036576055
normal/697,0.070336744
normal/696,0.044558436
normal/695,0.08633636
normal/694,0.07491098
normal/693,0.054579556
normal/692,0.06558171
normal/691,0.04776311
normal/690,0.032056257
normal/69,0.11338488
normal/689,0.07412017
normal/688,0.23625107
normal/687,0.14966023
normal/686,0.1722675
normal/685,0.09639411
normal/684,0.03323921
normal/683,0.3686641
normal/682,0.06640261
normal/681,0.067601405
normal/680,0.014049441
normal/68,0.159023
normal/679,0.19130723
normal/678,0.38280818
normal/677,0.18565258
normal/676,0.1074259
normal/675,0.11612461
normal/674,0.035704743
normal/673,0.07339241
normal/672,0.14233656
normal/671,0.5079654
normal/670,0.32076022
normal/67,0.1617156
normal/669,0.13565004
normal/668,0.046270184
normal/667,0.10460097
normal/666,0.26334754
normal/665,0.124965064
normal/664,0.04092585
normal/663,0.28771013
normal/662,0.093093656
normal/661,0.109360084
normal/660,0.36469135
normal/66,0.044393983
normal/659,0.032336585
normal/658,0.115305595
normal/657,0.38536105
normal/656,0.027806502
normal/655,0.022303227
normal/654,0.047967806
normal/653,0.07618134
normal/652,0.061639693
normal/651,0.49036586
normal/650,0.03830734
normal/65,0.051785115
normal/649,0.20927072
normal/648,0.18772125
normal/647,0.24463497
normal/646,0.019614551
normal/645,0.066859744
normal/644,0.15318875
normal/643,0.04704831
normal/642,0.09791684
normal/641,0.1781317
normal/640,0.027770277
normal/64,0.029309232
normal/639,0.024127902
normal/638,0.23066287
normal/637,0.04785026
normal/636,0.08689228
normal/635,0.06454443
normal/634,0.017839346
normal/633,0.15306066
normal/632,0.03594204
normal/631,0.2605255
normal/630,0.3596381
normal/63,0.0069114226
normal/629,0.10610025
normal/628,0.12669544
normal/627,0.0497127
normal/626,0.09959422
normal/625,0.115861475
normal/624,0.08957366
normal/623,0.0932035
normal/622,0.15230554
normal/621,0.11458126
normal/620,0.07666135
normal/62,0.20007943
normal/619,0.25868553
normal/618,0.0032493805
normal/617,0.082085304
normal/616,0.07760303
normal/615,0.051203433
normal/614,0.025574928
normal/613,0.11786643
normal/612,0.027947797
normal/611,0.09300384
normal/610,0.08652778
normal/61,0.052191857
normal/609,0.07313099
normal/608,0.010347217
normal/607,0.044710245
normal/606,0.18023983
normal/605,0.11893854
normal/604,0.28190216
normal/603,0.058240563
normal/602,0.05013509
normal/601,0.46092322
normal/600,0.18106924
normal/60,0.09278501
normal/6,0.11226216
normal/599,0.10411228
normal/598,0.022569885
normal/597,0.07425652
normal/596,0.1303768
normal/595,0.035432752
normal/594,0.04785038
normal/593,0.16998099
normal/592,0.022727018
normal/591,0.11433818
normal/590,0.07796666
normal/59,0.049723133
normal/589,0.21846259
normal/588,0.1697829
normal/587,0.19330959
normal/586,0.04133409
normal/585,0.16495128
normal/584,0.15696399
normal/583,0.112557344
normal/582,0.45384985
normal/581,0.006140082
normal/580,0.03387152
normal/58,0.07791424
normal/579,0.050616436
normal/578,0.00831417
normal/577,0.06553465
normal/576,0.31775835
normal/575,0.053477354
normal/574,0.10161233
normal/573,0.3607466
normal/572,0.024789901
normal/571,0.023173597
normal/570,0.11774738
normal/57,0.033507813
normal/569,0.17657293
normal/568,0.051009472
normal/567,0.082589306
normal/566,0.020695448
normal/565,0.07220829
normal/564,0.2729991
normal/563,0.0779474
normal/562,0.025001954
normal/561,0.059988268
normal/560,0.19635443
normal/56,0.13397518
normal/559,0.09213539
normal/558,0.18553898
normal/557,0.14027703
normal/556,0.123761654
normal/555,0.06557332
normal/554,0.0042688977
normal/553,0.027549334
normal/552,0.098592184
normal/551,0.07122813
normal/550,0.036435
normal/55,0.08863052
normal/549,0.03572921
normal/548,0.029089745
normal/547,0.108339064
normal/546,0.24217802
normal/545,0.11065409
normal/544,0.081295684
normal/543,0.03035342
normal/542,0.010672547
normal/541,0.056055047
normal/540,0.059333142
normal/54,0.06601922
normal/539,0.24247813
normal/537,0.12640987
normal/536,0.13363126
normal/535,0.2031763
normal/534,0.029931996
normal/533,0.04418553
normal/532,0.09446941
normal/531,0.01245166
normal/530,0.0643896
normal/53,0.2498268
normal/529,0.020331006
normal/528,0.0041964184
normal/527,0.12034365
normal/526,0.08754249
normal/525,0.14946721
normal/524,0.054963466
normal/523,0.18894103
normal/522,0.023322009
normal/521,0.040687162
normal/520,0.02455354
normal/52,0.058193445
normal/519,0.06856518
normal/518,0.024867447
normal/517,0.11525098
normal/516,0.04405285
normal/515,0.100211784
normal/514,0.16289482
normal/513,0.224439
normal/512,0.114058904
normal/511,0.021188775
normal/510,0.06973523
normal/51,0.04993888
normal/509,0.037461422
normal/508,0.03644028
normal/507,0.04132243
normal/506,0.07673671
normal/505,0.39785886
normal/504,0.4627116
normal/503,0.28763023
normal/502,0.03912863
normal/501,0.11264553
normal/500,0.28150228
normal/50,0.034642886
normal/5,0.22058786
normal/499,0.06905821
normal/498,0.13005078
normal/497,0.052094128
normal/496,0.042475604
normal/495,0.32148272
normal/494,0.05068557
normal/493,0.02010361
normal/492,0.052911468
normal/491,0.1916724
normal/490,0.11941707
normal/49,0.1028392
normal/489,0.06993399
normal/488,0.09937401
normal/487,0.1968469
normal/486,0.07094812
normal/485,0.025525814
normal/484,0.06879509
normal/483,0.040317193
normal/482,0.14836827
normal/481,0.07495674
normal/480,0.12512186
normal/48,0.12563626
normal/479,0.009027829
normal/478,0.068548426
normal/477,0.04340698
normal/476,0.05845062
normal/475,0.09081692
normal/474,0.059975095
normal/473,0.06354185
normal/472,0.39001006
normal/471,0.064265266
normal/470,0.0040540383
normal/47,0.18578587
normal/469,0.034313552
normal/468,0.13715222
normal/467,0.04824702
normal/466,0.21476066
normal/465,0.048137657
normal/464,0.061344747
normal/463,0.12978338
normal/462,0.12648027
normal/461,0.09546198
normal/460,0.13814637
normal/46,0.4247146
normal/459,0.032656986
normal/458,0.074060105
normal/457,0.15154374
normal/456,0.05761995
normal/455,0.12110114
normal/454,0.048860196
normal/453,0.059059825
normal/452,0.0324157
normal/451,0.026348012
normal/450,0.15148918
normal/45,0.017305389
normal/449,0.47822443
normal/448,0.010209799
normal/447,0.050905786
normal/446,0.066399775
normal/445,0.056801938
normal/444,0.077900104
normal/443,0.45505607
normal/442,0.06106611
normal/441,0.088900425
normal/440,0.34423396
normal/44,0.06811219
normal/439,0.15266703
normal/438,0.06790357
normal/437,0.25114122
normal/436,0.03967963
normal/435,0.047893118
normal/434,0.100303605
normal/433,0.027952798
normal/432,0.01823553
normal/431,0.09101596
normal/430,0.24511388
normal/43,0.1719884
normal/429,0.28842872
normal/428,0.05721737
normal/427,0.012107383
normal/426,0.0075297975
normal/425,0.028861707
normal/424,0.06254449
normal/423,0.38568068
normal/422,0.17648052
normal/421,0.057587933
normal/420,0.13764475
normal/42,0.0095591415
normal/419,0.03399246
normal/418,0.05660768
normal/417,0.31128988
normal/416,0.05740465
normal/415,0.089921035
normal/414,0.25103006
normal/413,0.13932702
normal/412,0.13374892
normal/411,0.03688698
normal/410,0.027648302
normal/41,0.18096964
normal/409,0.026431056
normal/408,0.035200194
normal/407,0.15007673
normal/406,0.08226449
normal/405,0.23420493
normal/404,0.08458439
normal/403,0.059525553
normal/402,0.04340766
normal/401,0.037149787
normal/400,0.3145825
normal/40,0.044638768
normal/4,0.015078559
normal/399,0.16100349
normal/398,0.07438562
normal/397,0.39431956
normal/396,0.07740072
normal/395,0.1965386
normal/394,0.4591062
normal/393,0.0638455
normal/392,0.063547924
normal/391,0.046510577
normal/390,0.050146807
normal/39,0.04713042
normal/389,0.057975743
normal/388,0.45638704
normal/387,0.028014222
normal/386,0.3339237
normal/385,0.15301032
normal/384,0.07143136
normal/383,0.027454186
normal/382,0.09606219
normal/381,0.10341375
normal/380,0.09843971
normal/38,0.07617346
normal/379,0.35835305
normal/378,0.030984817
normal/377,0.096235424
normal/376,0.19842096
normal/375,0.14487009
normal/374,0.1107631
normal/373,0.09848364
normal/372,0.1155367
normal/371,0.027071467
normal/370,0.2719389
normal/37,0.48186752
normal/369,0.023178007
normal/368,0.30756906
normal/367,0.060461223
normal/366,0.13524935
normal/365,0.06646425
normal/363,0.051017635
normal/362,0.027372578
normal/361,0.056446478
normal/360,0.06308424
normal/36,0.044177603
normal/358,0.18138015
normal/357,0.052926566
normal/356,0.060040507
normal/355,0.19403243
normal/354,0.15989827
normal/353,0.22961792
normal/352,0.14485955
normal/351,0.0720609
normal/350,0.10366854
normal/35,0.19566365
normal/349,0.048805173
normal/348,0.046081882
normal/347,0.28834325
normal/346,0.14299224
normal/345,0.20188636
normal/344,0.3146127
normal/343,0.13776599
normal/342,0.10854688
normal/341,0.066834934
normal/340,0.23584835
normal/34,0.22448961
normal/339,0.004583039
normal/338,0.054336756
normal/337,0.035060335
normal/336,0.34554002
normal/335,0.010305871
normal/334,0.23439205
normal/333,0.072354384
normal/332,0.07697518
normal/331,0.11862754
normal/330,0.006591904
normal/33,0.12122673
normal/329,0.20873088
normal/328,0.00330795
normal/327,0.2531808
normal/326,0.098490916
normal/325,0.05885981
normal/324,0.1179873
normal/323,0.09922658
normal/322,0.06749368
normal/321,0.020993032
normal/320,0.03629074
normal/32,0.0069649466
normal/319,0.12883705
normal/318,0.1124175
normal/317,0.024716977
normal/316,0.020864159
normal/315,0.05547253
normal/314,0.33150864
normal/313,0.06998565
normal/312,0.020344807
normal/311,0.14892264
normal/310,0.090433165
normal/31,0.047801077
normal/309,0.011978876
normal/308,0.0482512
normal/307,0.053038847
normal/306,0.037925597
normal/305,0.22846834
normal/304,0.13354218
normal/303,0.14492734
normal/302,0.08558588
normal/301,0.018742185
normal/300,0.3423512
normal/30,0.2654367
normal/3,0.22055924
normal/299,0.06310687
normal/298,0.46206164
normal/297,0.04004095
normal/296,0.24108067
normal/295,0.04347644
normal/294,0.13105331
normal/293,0.21784084
normal/292,0.089746766
normal/291,0.053405713
normal/290,0.059021283
normal/29,0.047371376
normal/289,0.0387266
normal/288,0.111608334
normal/287,0.13767292
normal/286,0.037124425
normal/285,0.03219457
normal/284,0.19319297
normal/283,0.04137626
normal/282,0.030532839
normal/281,0.01933488
normal/280,0.05289957
normal/28,0.009038983
normal/279,0.08000477
normal/278,0.038395055
normal/277,0.064665824
normal/276,0.1101354
normal/275,0.050538637
normal/274,0.0035405802
normal/273,0.045049835
normal/272,0.16394542
normal/271,0.16219406
normal/270,0.050204504
normal/27,0.17795126
normal/269,0.029231723
normal/268,0.09383914
normal/267,0.032685433
normal/266,0.017780455
normal/265,0.08319442
normal/264,0.06120659
normal/263,0.4020374
normal/262,0.036779203
normal/261,0.031900235
normal/260,0.143609
normal/26,0.031291492
normal/259,0.124602355
normal/258,0.13862127
normal/257,0.053352356
normal/256,0.037823882
normal/255,0.117663786
normal/254,0.046916895
normal/253,0.062674284
normal/252,0.009697815
normal/251,0.105922505
normal/250,0.12730345
normal/25,0.020395111
normal/249,0.023717498
normal/248,0.3614027
normal/247,0.045337066
normal/246,0.17005225
normal/245,0.050181795
normal/244,0.34427467
normal/243,0.0550356
normal/242,0.04280144
normal/241,0.25112554
normal/240,0.018040624
normal/24,0.038000006
normal/239,0.05984715
normal/238,0.03468732
normal/237,0.09749085
normal/236,0.17169361
normal/235,0.29487357
normal/234,0.12092703
normal/233,0.10224205
normal/232,0.079246946
normal/231,0.44257736
normal/230,0.014203763
normal/23,0.14559773
normal/229,0.028197482
normal/228,0.32392305
normal/227,0.008272834
normal/226,0.038813386
normal/225,0.31009308
normal/224,0.10458529
normal/223,0.22116886
normal/222,0.10012416
normal/221,0.050626494
normal/220,0.05466435
normal/22,0.03271865
normal/219,0.073083706
normal/218,0.10828401
normal/217,0.020972604
normal/216,0.09881288
normal/215,0.049021453
normal/214,0.05993402
normal/213,0.0469063
normal/212,0.016714249
normal/211,0.034498587
normal/210,0.15093333
normal/21,0.052376155
normal/209,0.028945891
normal/208,0.078631714
normal/207,0.20751855
normal/206,0.07088399
normal/205,0.057861462
normal/204,0.058852155
normal/203,0.06703105
normal/202,0.055298563
normal/201,0.048607223
normal/200,0.14325422
normal/20,0.3924715
normal/2,0.31894857
normal/199,0.06648672
normal/198,0.010175002
normal/197,0.13033678
normal/196,0.043920234
normal/195,0.023424504
normal/194,0.03029417
normal/193,0.0030770116
normal/192,0.0819912
normal/191,0.02646753
normal/190,0.42347696
normal/19,0.05210649
normal/189,0.06875887
normal/188,0.060944922
normal/187,0.206816
normal/186,0.061577864
normal/185,0.09881995
normal/184,0.107277274
normal/183,0.028294116
normal/182,0.15148051
normal/181,0.30100837
normal/180,0.06264853
normal/18,0.072731204
normal/179,0.10152651
normal/178,0.032926004
normal/177,0.11560342
normal/176,0.16411197
normal/175,0.009562782
normal/174,0.106946126
normal/173,0.06479924
normal/172,0.29730228
normal/171,0.33729807
normal/170,0.06632498
normal/17,0.13870306
normal/169,0.034623038
normal/168,0.057111416
normal/167,0.014378664
normal/166,0.014886267
normal/165,0.12169667
normal/164,0.0044263126
normal/163,0.10170709
normal/162,0.24831192
normal/161,0.39123148
normal/160,0.05962245
normal/16,0.38212398
normal/159,0.18628402
normal/158,0.08123161
normal/157,0.13319805
normal/156,0.15679334
normal/155,0.03175015
normal/154,0.42306146
normal/153,0.024675366
normal/152,0.048168886
normal/151,0.084711276
normal/150,0.055222426
normal/15,0.07998427
normal/149,0.1715775
normal/148,0.04583845
normal/147,0.033800974
normal/146,0.046347745
normal/145,0.03615466
normal/144,0.0020832154
normal/143,0.17970167
normal/142,0.019413594
normal/141,0.04825454
normal/140,0.16728719
normal/14,0.11323921
normal/139,0.02861445
normal/138,0.054803543
normal/137,0.05351262
normal/136,0.06199917
normal/135,0.024527306
normal/134,0.11752002
normal/133,0.124046095
normal/132,0.010811875
normal/131,0.22509265
normal/130,0.07406327
normal/13,0.09201569
normal/129,0.028146708
normal/128,0.15094385
normal/127,0.044567093
normal/126,0.14602034
normal/125,0.056446888
normal/124,0.43883157
normal/123,0.16237678
normal/122,0.056509186
normal/121,0.0030443354
normal/120,0.23333691
normal/12,0.20297159
normal/119,0.17059377
normal/118,0.031655513
normal/117,0.23545147
normal/116,0.38693532
normal/115,0.0401055
normal/114,0.1127588
normal/113,0.12483039
normal/112,0.07863169
normal/111,0.046747085
normal/110,0.09592029
normal/11,0.13002856
normal/109,0.066638455
normal/108,0.33388138
normal/107,0.088857025
normal/106,0.0903891
normal/105,0.0012532707
normal/104,0.042958163
normal/103,0.047384184
normal/102,0.059770107
normal/101,0.1676247
normal/100,0.031565662
normal/10,0.14817886
normal/1,0.04706108
normal/0,0.115820125
thin/999,0.008718267
thin/998,0.012738428
thin/997,0.032581925
thin/996,0.011118673
thin/995,0.012881711
thin/994,0.05596238
thin/993,0.012330663
thin/992,0.008559686
thin/991,0.022029962
thin/990,0.025192076
thin/99,0.006672201
thin/989,0.021646531
thin/988,0.04673549
thin/987,0.014440197
thin/986,0.029239815
thin/985,0.006745068
thin/984,0.028569235
thin/983,0.015306399
thin/982,0.0735776
thin/981,0.03403483
thin/980,0.0031969412
thin/98,0.044919454
thin/979,0.020931458
thin/978,0.026538573
thin/977,0.04674314
thin/976,0.027999315
thin/975,0.03428892
thin/974,0.009155873
thin/973,0.02895385
thin/972,0.025903415
thin/971,0.024677088
thin/970,0.0023175916
thin/97,0.0084743025
thin/969,0.011806581
thin/968,0.013270672
thin/967,0.007201284
thin/966,0.01977874
thin/965,0.03012739
thin/964,0.014402819
thin/963,0.00845224
thin/962,0.06897299
thin/960,0.025325472
thin/96,0.0065835174
thin/959,0.034918066
thin/956,0.03421187
thin/955,0.079309866
thin/954,0.021199957
thin/953,0.024197083
thin/952,0.019137666
thin/951,0.025712986
thin/950,0.052942097
thin/95,0.006989059
thin/949,0.052529
thin/948,0.007786205
thin/947,0.020674301
thin/946,0.02733186
thin/945,0.026442477
thin/944,0.048869673
thin/943,0.021145554
thin/942,0.027783722
thin/941,0.012699586
thin/940,0.023661911
thin/94,0.012801936
thin/939,0.04188508
thin/938,0.0105457315
thin/937,0.012330477
thin/936,0.0065867086
thin/935,0.0049219374
thin/934,0.008208639
thin/933,0.017504657
thin/932,0.015851645
thin/931,0.012849527
thin/930,0.011407852
thin/93,0.01888791
thin/929,0.040492047
thin/928,0.009412551
thin/927,0.004461885
thin/926,0.009181747
thin/925,0.023287635
thin/924,0.023255998
thin/923,0.014493999
thin/922,0.013068876
thin/921,0.026679158
thin/920,0.040496416
thin/92,0.014895178
thin/919,0.018251784
thin/918,0.030458907
thin/917,0.018503772
thin/916,0.034162156
thin/915,0.022095576
thin/914,0.032126952
thin/913,0.016219096
thin/912,0.023902714
thin/911,0.019767823
thin/910,0.058465794
thin/91,0.0045735734
thin/909,0.0028025403
thin/908,0.021548115
thin/907,0.0073748757
thin/906,0.019521257
thin/905,0.029691456
thin/904,0.061247632
thin/903,0.014436799
thin/902,0.027728084
thin/901,0.023049546
thin/900,0.03699702
thin/90,0.032593388
thin/9,0.031623363
thin/899,0.016888069
thin/898,0.02920468
thin/897,0.031307258
thin/896,0.004278139
thin/895,0.049727615
thin/894,0.025949543
thin/893,0.023886532
thin/892,0.053387128
thin/891,0.037127282
thin/890,0.045927558
thin/89,0.023985669
thin/889,0.008579079
thin/888,0.017956825
thin/887,0.0047176206
thin/886,0.015901482
thin/885,0.02342584
thin/884,0.037913673
thin/882,0.009580514
thin/881,0.016087316
thin/880,0.010496409
thin/88,0.019894714
thin/879,0.015485413
thin/878,0.0030173871
thin/877,0.107073955
thin/876,0.0150672635
thin/875,0.02177558
thin/874,0.10031093
thin/872,0.047030203
thin/871,0.0028788678
thin/870,0.005665317
thin/87,0.042897977
thin/869,0.03460459
thin/868,0.054013737
thin/867,0.024480322
thin/866,0.011834147
thin/865,0.016844071
thin/864,0.03815378
thin/863,0.015964335
thin/862,0.069873564
thin/861,0.046480328
thin/860,0.053471733
thin/86,0.014356207
thin/859,0.06315659
thin/858,0.0397147
thin/857,0.02166803
thin/856,0.008761133
thin/855,0.014016778
thin/854,0.02126768
thin/853,0.03397412
thin/852,0.030339228
thin/851,0.059242018
thin/850,0.02199944
thin/85,0.020750253
thin/849,0.01844113
thin/848,0.021602226
thin/847,0.024955751
thin/846,0.032784447
thin/845,0.04263657
thin/844,0.02642635
thin/843,0.015123992
thin/842,0.01858268
thin/841,0.034194443
thin/840,0.017633371
thin/84,0.015795564
thin/839,0.011828176
thin/838,0.035324473
thin/837,0.030529143
thin/836,0.030104209
thin/835,0.010189827
thin/834,0.01455263
thin/833,0.011353929
thin/832,0.03252389
thin/831,0.013742759
thin/830,0.03233296
thin/83,0.022958547
thin/829,0.024560375
thin/828,0.004119793
thin/827,0.035191905
thin/826,0.009651497
thin/825,0.04064112
thin/824,0.023933977
thin/823,0.02688274
thin/822,0.03542821
thin/821,0.018101562
thin/820,0.008641846
thin/82,0.0030192526
thin/819,0.021560714
thin/818,0.011925632
thin/817,0.03221412
thin/816,0.07941866
thin/815,0.017049422
thin/814,0.0037906095
thin/813,0.009918669
thin/812,0.024347842
thin/811,0.020670323
thin/810,0.015885474
thin/81,0.059564225
thin/809,0.026325203
thin/808,0.013319424
thin/807,0.010758887
thin/806,0.033024084
thin/805,0.0054539903
thin/804,0.012708589
thin/803,0.03134368
thin/802,0.0099689355
thin/801,0.030813672
thin/800,0.016372737
thin/80,0.07519628
thin/8,0.009269115
thin/799,0.04278143
thin/798,0.006163534
thin/797,0.015519199
thin/796,0.0011952926
thin/795,0.025745155
thin/794,0.0326073
thin/793,0.025773825
thin/792,0.030440234
thin/791,0.031279244
thin/790,0.025482249
thin/79,0.033683233
thin/789,0.016665876
thin/788,0.020173639
thin/787,0.067563266
thin/786,0.024487967
thin/785,0.00376239
thin/784,0.032481868
thin/783,0.019133741
thin/782,0.040517736
thin/781,0.025991201
thin/780,0.018333053
thin/78,0.05132637
thin/779,0.018433679
thin/778,0.0048646615
thin/777,0.033773903
thin/776,0.08264528
thin/775,0.011341357
thin/774,0.024102474
thin/773,0.023037396
thin/772,0.048341114
thin/771,0.05487957
thin/770,0.025487421
thin/77,0.048175886
thin/769,0.032011062
thin/768,0.019518178
thin/767,0.04437302
thin/766,0.10206583
thin/765,0.017000021
thin/764,0.035838634
thin/763,0.030019058
thin/762,0.021413531
thin/761,0.0108091915
thin/760,0.007289045
thin/76,0.016868236
thin/759,0.02140165
thin/758,0.026402323
thin/757,0.02286014
thin/756,0.006040661
thin/755,0.030615896
thin/754,0.014271239
thin/753,0.015330922
thin/752,0.039045386
thin/751,0.17833193
thin/750,0.023580864
thin/75,0.008431884
thin/749,0.023411557
thin/748,0.02483493
thin/747,0.0800395
thin/746,0.03526715
thin/745,0.04786512
thin/744,0.020691568
thin/743,0.0012054055
thin/742,0.0030035756
thin/741,0.054445602
thin/740,0.05763289
thin/74,0.028563572
thin/739,0.024709478
thin/738,0.009786947
thin/737,0.035238456
thin/736,0.026189897
thin/735,0.032703687
thin/734,0.05598316
thin/733,0.01682326
thin/732,0.01615687
thin/731,0.0013079849
thin/730,0.029467978
thin/73,0.017883908
thin/728,0.024844656
thin/727,0.022575645
thin/726,0.09376713
thin/725,0.039281942
thin/724,0.029878335
thin/723,0.03098732
thin/722,0.029448336
thin/721,0.0019356993
thin/720,0.024917003
thin/72,0.013001937
thin/719,0.038408864
thin/718,0.046918157
thin/717,0.01947193
thin/716,0.027208274
thin/715,0.034019396
thin/714,0.030938001
thin/713,0.021165973
thin/712,0.020516964
thin/711,0.059775315
thin/710,0.005347926
thin/71,0.047039885
thin/709,0.023630312
thin/708,0.034962986
thin/707,0.015149057
thin/706,0.06318117
thin/705,0.037696566
thin/704,0.029866388
thin/703,0.036924522
thin/702,0.027484238
thin/701,0.030145941
thin/700,0.02130703
thin/70,0.03030231
thin/7,0.028997047
thin/699,0.013896342
thin/698,0.07949719
thin/697,0.0032373108
thin/696,0.0036245435
thin/695,0.012458602
thin/694,0.016827105
thin/693,0.0065187123
thin/692,0.034100905
thin/691,0.01221603
thin/690,0.016110906
thin/69,0.08862717
thin/689,0.04458781
thin/688,0.07833589
thin/687,0.040289905
thin/686,0.018379932
thin/685,0.038905334
thin/684,0.053918473
thin/683,0.043924365
thin/682,0.016784998
thin/681,0.024205204
thin/680,0.025635468
thin/68,0.013367559
thin/679,0.023711205
thin/678,0.037808195
thin/677,0.01888062
thin/676,0.03929456
thin/675,0.029256614
thin/674,0.011289823
thin/673,0.021098956
thin/672,0.017201519
thin/671,0.023978736
thin/670,0.0109868655
thin/67,0.00798444
thin/669,0.028763812
thin/668,0.014569373
thin/667,0.020094972
thin/666,0.012627909
thin/665,0.016220992
thin/664,0.029191058
thin/663,0.01810876
thin/662,0.0018909937
thin/661,0.05761768
thin/660,0.016020762
thin/66,0.029616095
thin/659,0.01884557
thin/658,0.09842938
thin/657,0.010711632
thin/656,0.0155355055
thin/655,0.018878931
thin/654,0.051663022
thin/653,0.03596287
thin/652,0.04362795
thin/651,0.043853328
thin/650,0.014461575
thin/65,0.037184976
thin/649,0.054708112
thin/648,0.0061364435
thin/647,0.03170586
thin/646,0.055417113
thin/645,0.013772408
thin/644,0.040171735
thin/643,0.042678952
thin/642,0.029888693
thin/641,0.03383525
thin/640,0.017064398
thin/64,0.024742858
thin/639,0.031731583
thin/638,0.0135820145
thin/637,0.022878364
thin/636,0.058159295
thin/635,0.039957937
thin/634,0.027896894
thin/633,0.026155615
thin/632,0.020114833
thin/631,0.042460985
thin/630,0.060397457
thin/63,0.011489544
thin/629,0.031748354
thin/628,0.005025484
thin/627,0.021935381
thin/626,0.030603426
thin/625,0.02112749
thin/624,0.025641209
thin/623,0.008138808
thin/622,0.023748439
thin/621,0.0057585556
thin/620,0.050433993
thin/62,0.019233068
thin/619,0.02196167
thin/618,0.011129223
thin/617,0.0070249126
thin/616,0.00322466
thin/615,0.018738367
thin/614,0.02022784
thin/613,0.07532863
thin/612,0.0086488975
thin/611,0.034551457
thin/610,0.024923282
thin/61,0.01665769
thin/609,0.00942027
thin/608,0.023783192
thin/607,0.023735736
thin/606,0.032289594
thin/605,0.046914175
thin/604,0.03736629
thin/603,0.048059452
thin/602,0.037214626
thin/601,0.008327362
thin/600,0.04495926
thin/60,0.011963597
thin/6,0.0333367
thin/599,0.023680964
thin/598,0.03622496
thin/597,0.026688093
thin/596,0.036324315
thin/595,0.020874131
thin/594,0.026102884
thin/593,0.0043406053
thin/592,0.03861506
thin/591,0.03013085
thin/590,0.020492079
thin/59,0.019620167
thin/589,0.03701021
thin/588,0.021960432
thin/587,0.018876584
thin/586,0.023484537
thin/585,0.029768826
thin/584,0.024167439
thin/583,0.010758576
thin/582,0.04339824
thin/581,0.018623106
thin/580,0.027208071
thin/58,0.010273023
thin/579,0.019044429
thin/578,0.008008062
thin/577,0.013029171
thin/576,0.009883005
thin/575,0.043163933
thin/574,0.05332937
thin/573,0.027427858
thin/572,0.019845203
thin/571,0.02601457
thin/570,0.049767345
thin/57,0.005291728
thin/569,0.040174805
thin/568,0.0059361667
thin/567,0.022275353
thin/566,0.034255035
thin/565,0.016833639
thin/564,0.014844146
thin/563,0.014807197
thin/561,0.017164832
thin/560,0.018276503
thin/56,0.01275804
thin/559,0.02154932
thin/558,0.021465372
thin/557,0.024413811
thin/556,0.0307669
thin/555,0.020483166
thin/554,0.05595977
thin/553,0.0020995224
thin/552,0.021272242
thin/551,0.013680841
thin/550,0.017080098
thin/55,0.036496293
thin/549,0.05607448
thin/548,0.0421978
thin/547,0.035633318
thin/546,0.02480639
thin/545,0.03026065
thin/544,0.015408487
thin/543,0.027013244
thin/542,0.027858598
thin/541,0.0190617
thin/540,0.013170653
thin/54,0.026062738
thin/539,0.005971851
thin/538,0.004949282
thin/537,0.079879016
thin/536,0.028701296
thin/535,0.012802995
thin/534,0.021170327
thin/533,0.013061856
thin/532,0.050594214
thin/531,0.035020873
thin/530,0.034349523
thin/53,0.020720856
thin/529,0.057715494
thin/528,0.01829622
thin/527,0.027791115
thin/526,0.01653001
thin/525,0.026853533
thin/524,0.02258933
thin/523,0.01412656
thin/522,0.014570937
thin/521,0.043546915
thin/520,0.013764789
thin/52,0.042460766
thin/519,0.050102647
thin/518,0.026817415
thin/517,0.02104244
thin/516,0.020049658
thin/515,0.02350776
thin/514,0.0074397316
thin/513,0.028675368
thin/512,0.028797556
thin/511,0.025512876
thin/510,0.108450204
thin/509,0.017753614
thin/508,0.008602915
thin/507,0.026712809
thin/506,0.019859575
thin/505,0.056159902
thin/504,0.016767476
thin/503,0.029754236
thin/502,0.03491118
thin/501,0.034266908
thin/500,0.030816024
thin/50,0.022539169
thin/5,0.035139468
thin/499,0.025827207
thin/498,0.028886627
thin/497,0.018236637
thin/496,0.014710891
thin/495,0.0070706364
thin/494,0.014869331
thin/493,0.05081086
thin/492,0.0093703335
thin/491,0.007912616
thin/490,0.012301692
thin/49,0.019079003
thin/489,0.005370397
thin/488,0.002151378
thin/487,0.0037078925
thin/486,0.004701932
thin/485,0.02692837
thin/483,0.050363585
thin/482,0.0012207443
thin/481,0.04794159
thin/480,0.037105635
thin/48,0.02101105
thin/479,0.035156965
thin/478,0.051716484
thin/477,0.011461597
thin/476,0.013403106
thin/475,0.035026744
thin/474,0.0018091099
thin/473,0.03933431
thin/472,0.040311106
thin/471,0.031732805
thin/470,0.058214564
thin/47,0.024169857
thin/468,0.04285748
thin/467,0.044189803
thin/466,0.049711224
thin/465,0.03855824
thin/464,0.027629156
thin/463,0.022951348
thin/462,0.017995927
thin/461,0.2059259
thin/460,0.040744632
thin/46,0.013075803
thin/459,0.031622045
thin/458,0.021051819
thin/457,0.04691858
thin/456,0.019849572
thin/455,0.003514157
thin/454,0.04807266
thin/453,0.017453732
thin/452,0.013911308
thin/451,0.0043990477
thin/450,0.053425424
thin/45,0.012425212
thin/449,0.02122073
thin/448,0.0653732
thin/447,0.029691137
thin/446,0.008935293
thin/445,0.024037754
thin/444,0.031927112
thin/443,0.050349176
thin/442,0.018463993
thin/441,0.056806453
thin/440,0.0149011705
thin/44,0.017426059
thin/439,0.036576536
thin/438,0.007882138
thin/437,0.019989407
thin/436,0.009230094
thin/435,0.014284979
thin/434,0.046558112
thin/433,0.029436357
thin/432,0.011312464
thin/431,0.020002754
thin/430,0.053644914
thin/43,0.032911755
thin/429,0.04987612
thin/428,0.019617848
thin/427,0.029335141
thin/425,0.02642086
thin/424,0.042626806
thin/423,0.007926582
thin/422,0.029627416
thin/421,0.044400945
thin/420,0.047327325
thin/42,0.045940176
thin/419,0.017448045
thin/418,0.038525898
thin/417,0.025798041
thin/416,0.060758438
thin/414,0.033958923
thin/413,0.013654257
thin/412,0.006311429
thin/411,0.009425353
thin/410,0.035789803
thin/41,0.007412403
thin/409,0.02688363
thin/408,0.016330589
thin/407,0.033350255
thin/406,0.020721031
thin/405,0.018620117
thin/404,0.039258726
thin/403,0.023516841
thin/402,0.014920532
thin/401,0.0044350335
thin/400,0.005724994
thin/40,0.032400545
thin/4,0.05834898
thin/399,0.037002288
thin/398,0.008040273
thin/397,0.013222492
thin/396,0.036776084
thin/395,0.0135924695
thin/394,0.004894456
thin/393,0.030628977
thin/392,0.023547878
thin/391,0.06439098
thin/390,0.059943173
thin/39,0.041233808
thin/389,0.009722965
thin/388,0.042016238
thin/387,0.045757208
thin/386,0.024452252
thin/385,0.014545181
thin/384,0.048133183
thin/383,0.03594637
thin/382,0.031376425
thin/381,0.011522324
thin/380,0.102580585
thin/38,0.04606945
thin/379,0.042387262
thin/378,0.02010437
thin/377,0.017575657
thin/375,0.024233492
thin/374,0.026100485
thin/373,0.040331904
thin/372,0.028441861
thin/371,0.012468964
thin/370,0.0061078332
thin/37,0.04167722
thin/369,0.018853107
thin/368,0.052890744
thin/367,0.018960254
thin/366,0.007001131
thin/365,0.014585284
thin/364,0.032437474
thin/363,0.029303417
thin/362,0.015777674
thin/361,0.029883808
thin/360,0.023311293
thin/36,0.022907648
thin/359,0.025433386
thin/357,0.029527675
thin/356,0.009237459
thin/355,0.024458535
thin/354,0.016843032
thin/353,0.030531678
thin/352,0.0086875865
thin/351,0.019804947
thin/350,0.028779665
thin/35,0.011911018
thin/349,0.045569003
thin/348,0.030270284
thin/347,0.02702632
thin/346,0.040404167
thin/345,0.004434659
thin/344,0.025812013
thin/343,0.021770744
thin/342,0.043193623
thin/341,0.08363073
thin/340,0.02136965
thin/34,0.03076044
thin/339,0.010237633
thin/338,0.042631034
thin/337,0.033996776
thin/336,0.011931585
thin/335,0.04834096
thin/334,0.02191372
thin/333,0.026100824
thin/332,0.02656583
thin/331,0.0051666847
thin/330,0.011510089
thin/33,0.044007648
thin/329,0.0071737445
thin/328,0.015521772
thin/327,0.013622236
thin/326,0.030164883
thin/324,0.015454159
thin/323,0.055093102
thin/322,0.024522083
thin/321,0.017027827
thin/320,0.052483708
thin/32,0.015928872
thin/319,0.010038613
thin/318,0.018207476
thin/317,0.005843422
thin/316,0.028499605
thin/315,0.054019213
thin/314,0.050248004
thin/313,0.020829882
thin/312,0.015305872
thin/311,0.008190408
thin/310,0.025622817
thin/31,0.03074721
thin/309,0.014731155
thin/308,0.020740455
thin/307,0.06066839
thin/306,0.042567987
thin/305,0.018936392
thin/304,0.021159708
thin/303,0.029980328
thin/302,0.0037986618
thin/301,0.01243289
thin/300,0.010212403
thin/30,0.03657395
thin/3,0.011742375
thin/299,0.02439777
thin/298,0.054784767
thin/297,0.017022235
thin/296,0.033654112
thin/295,0.016691877
thin/294,0.008644005
thin/293,0.007688815
thin/292,0.019421935
thin/291,0.047038246
thin/290,0.014946594
thin/29,0.15824161
thin/289,0.013057712
thin/288,0.016013898
thin/287,0.04786384
thin/286,0.01700639
thin/285,0.028179707
thin/284,0.012087118
thin/283,0.005034663
thin/282,0.025716994
thin/281,0.0041827047
thin/280,0.0015056044
thin/28,0.044245787
thin/279,0.022905724
thin/278,0.018600315
thin/277,0.023642529
thin/276,0.060051512
thin/275,0.045701362
thin/274,0.024838563
thin/272,0.028335512
thin/271,0.002472976
thin/270,0.017644474
thin/27,0.0024819225
thin/269,0.055973947
thin/268,0.009009023
thin/267,0.02874363
thin/266,0.015819486
thin/265,0.048299823
thin/264,0.010857069
thin/263,0.02429039
thin/262,0.03633413
thin/261,0.00795588
thin/260,0.03214164
thin/26,0.0366562
thin/259,0.03885378
thin/258,0.011581492
thin/257,0.037404165
thin/256,0.028188819
thin/255,0.0066667846
thin/254,0.05238825
thin/253,0.06787145
thin/252,0.018557625
thin/251,0.036854837
thin/250,0.01545008
thin/25,0.03747445
thin/249,0.028818332
thin/248,0.031426243
thin/247,0.032424968
thin/246,0.011743132
thin/245,0.040877614
thin/244,0.034225214
thin/243,0.032683752
thin/242,0.0014993156
thin/241,0.0427309
thin/240,0.034917127
thin/24,0.0102619985
thin/239,0.060685236
thin/238,0.013791886
thin/237,0.055288956
thin/236,0.01941809
thin/235,0.01116633
thin/234,0.038960584
thin/233,0.0037047057
thin/232,0.0034714283
thin/231,0.026255347
thin/23,0.056260187
thin/229,0.005388608
thin/228,0.0032422289
thin/226,0.03202188
thin/225,0.03192116
thin/224,0.0288724
thin/223,0.004630505
thin/222,0.017215248
thin/221,0.041300107
thin/220,0.03288861
thin/22,0.0030862368
thin/219,0.01662088
thin/218,0.020508083
thin/217,0.020220695
thin/216,0.020410286
thin/215,0.016467717
thin/214,0.01999896
thin/213,0.083485745
thin/212,0.02188339
thin/211,0.011792325
thin/210,0.027906721
thin/21,0.040852454
thin/209,0.011479531
thin/208,0.052047316
thin/207,0.018365217
thin/206,0.043975025
thin/205,0.043211225
thin/204,0.01668166
thin/203,0.046514675
thin/202,0.012133124
thin/201,0.023815785
thin/200,0.030291352
thin/20,0.025469508
thin/2,0.019130658
thin/199,0.05164303
thin/198,0.012006625
thin/197,0.029295882
thin/196,0.037791666
thin/195,0.005985688
thin/194,0.022693515
thin/193,0.022555098
thin/192,0.022499835
thin/191,0.026144402
thin/190,0.014357599
thin/19,0.009843763
thin/189,0.016161857
thin/188,0.021138309
thin/187,0.05384626
thin/186,0.030592997
thin/185,0.020891065
thin/184,0.017843442
thin/183,0.06645171
thin/182,0.03341429
thin/181,0.028876245
thin/18,0.013579289
thin/179,0.025484081
thin/178,0.024236912
thin/177,0.031801105
thin/176,0.027752018
thin/175,0.038997278
thin/174,0.019381253
thin/173,0.010477592
thin/172,0.04759289
thin/171,0.072240606
thin/170,0.011120485
thin/17,0.04179739
thin/169,0.044184867
thin/168,0.022550657
thin/167,0.021218482
thin/166,0.012941182
thin/165,0.045162242
thin/164,0.01949961
thin/163,0.009201266
thin/162,0.008518498
thin/161,0.024030235
thin/160,0.072182626
thin/16,0.01608198
thin/159,0.016426258
thin/158,0.05507856
thin/157,0.025014741
thin/156,0.12131037
thin/155,0.07704802
thin/154,0.011391039
thin/153,0.023569832
thin/152,0.04208501
thin/151,0.07325329
thin/150,0.016525615
thin/15,0.032536536
thin/149,0.036667358
thin/148,0.046019558
thin/147,0.020537967
thin/146,0.04305199
thin/145,0.021874033
thin/144,0.0070160646
thin/143,0.03594314
thin/142,0.011695928
thin/141,0.012606163
thin/140,0.049669992
thin/14,0.020847855
thin/139,0.007311701
thin/138,0.0339808
thin/137,0.019749444
thin/136,0.06531171
thin/135,0.04790924
thin/134,0.020543868
thin/133,0.017555572
thin/132,0.0238337
thin/131,0.025009047
thin/130,0.033388674
thin/13,0.013652576
thin/129,0.01318434
thin/128,0.04464695
thin/127,0.03758422
thin/125,0.03012769
thin/124,0.027140314
thin/123,0.0033597455
thin/122,0.030285873
thin/120,0.018644357
thin/12,0.024154741
thin/119,0.02860741
thin/118,0.014066419
thin/117,0.026471362
thin/116,0.059129536
thin/115,0.011441154
thin/114,0.018476833
thin/113,0.066724345
thin/112,0.008996125
thin/111,0.019170277
thin/110,0.020130422
thin/11,0.035445224
thin/109,0.021068642
thin/108,0.018262254
thin/107,0.011835957
thin/106,0.024018334
thin/105,0.048239026
thin/104,0.011497244
thin/103,0.038039494
thin/101,0.021659372
thin/100,0.03435464
thin/10,0.045509458
thin/1,0.01955587
thin/0,0.064488724
mnist/999,0.109575294
mnist/998,0.035634756
mnist/997,0.008568679
mnist/996,0.051900823
mnist/995,0.0599596
mnist/994,0.057538792
mnist/993,0.09173558
mnist/992,0.06782206
mnist/991,0.15793702
mnist/990,0.060730092
mnist/99,0.048183575
mnist/989,0.10790769
mnist/988,0.06673747
mnist/987,0.21908225
mnist/986,0.052958064
mnist/985,0.09940487
mnist/984,0.01130223
mnist/983,0.03803331
mnist/982,0.05195162
mnist/981,0.08232932
mnist/980,0.07680745
mnist/98,0.06172825
mnist/979,0.013912483
mnist/978,0.09500057
mnist/977,0.3185951
mnist/976,0.0661647
mnist/975,0.1344939
mnist/974,0.09812045
mnist/973,0.1400793
mnist/972,0.010027976
mnist/971,0.09787497
mnist/970,0.05851268
mnist/97,0.034936458
mnist/969,0.09428299
mnist/968,0.051011954
mnist/967,0.03639024
mnist/966,0.0293636
mnist/965,0.14001898
mnist/964,0.07439974
mnist/963,0.013167758
mnist/962,0.06892057
mnist/961,0.26384205
mnist/960,0.042091105
mnist/96,0.14530596
mnist/959,0.058956284
mnist/958,0.1341048
mnist/957,0.015585364
mnist/956,0.030180205
mnist/955,0.061689835
mnist/954,0.1860769
mnist/953,0.3861896
mnist/952,0.08113995
mnist/951,0.05924682
mnist/950,0.06536999
mnist/95,0.057674948
mnist/949,0.13991264
mnist/948,0.0669765
mnist/947,0.046101592
mnist/946,0.2358684
mnist/945,0.057619087
mnist/944,0.045124084
mnist/943,0.4284373
mnist/942,0.09754125
mnist/941,0.0857831
mnist/940,0.10111426
mnist/94,0.07839415
mnist/939,0.08909129
mnist/938,0.032227192
mnist/937,0.042782057
mnist/936,0.17974828
mnist/935,0.10018165
mnist/934,0.052245814
mnist/933,0.030976513
mnist/932,0.077274404
mnist/931,0.05554455
mnist/930,0.12639494
mnist/93,0.041124772
mnist/929,0.15252548
mnist/928,0.016491402
mnist/927,0.06741001
mnist/926,0.09156572
mnist/925,0.26241726
mnist/924,0.08479883
mnist/923,0.06554641
mnist/922,0.049420476
mnist/921,0.03752751
mnist/920,0.15361854
mnist/92,0.03778858
mnist/919,0.03482034
mnist/918,0.054225508
mnist/917,0.13549301
mnist/916,0.118099056
mnist/915,0.05419356
mnist/914,0.062107675
mnist/913,0.16914819
mnist/912,0.03915106
mnist/911,0.06030739
mnist/910,0.12564923
mnist/91,0.3370862
mnist/909,0.04427225
mnist/908,0.048312873
mnist/907,0.07658168
mnist/906,0.076699205
mnist/905,0.05770187
mnist/904,0.02942005
mnist/902,0.024745556
mnist/901,0.0990335
mnist/900,0.08758112
mnist/90,0.025235517
mnist/9,0.0444909
mnist/899,0.091473326
mnist/898,0.059824117
mnist/896,0.04763346
mnist/895,0.09837788
mnist/894,0.24188013
mnist/893,0.022220021
mnist/892,0.058764603
mnist/891,0.032224294
mnist/890,0.018015428
mnist/89,0.055182528
mnist/889,0.016961882
mnist/888,0.13003558
mnist/887,0.07657336
mnist/886,0.05709362
mnist/885,0.02025225
mnist/884,0.0829047
mnist/883,0.058799025
mnist/882,0.06606638
mnist/881,0.05827366
mnist/880,0.09457632
mnist/88,0.14144942
mnist/879,0.050233778
mnist/878,0.096809335
mnist/877,0.010837013
mnist/876,0.04833167
mnist/875,0.035593957
mnist/874,0.07143168
mnist/873,0.10998111
mnist/872,0.06945555
mnist/871,0.061100505
mnist/870,0.011664052
mnist/87,0.10656586
mnist/869,0.09413109
mnist/868,0.058728836
mnist/867,0.03488755
mnist/866,0.079211585
mnist/865,0.06857723
mnist/864,0.07394696
mnist/863,0.06598832
mnist/862,0.16719656
mnist/861,0.047582615
mnist/860,0.07113128
mnist/86,0.1067069
mnist/859,0.12748763
mnist/858,0.030053284
mnist/857,0.07007691
mnist/856,0.044612642
mnist/855,0.052582752
mnist/854,0.017407684
mnist/853,0.058962904
mnist/852,0.05177728
mnist/851,0.30207768
mnist/850,0.036830984
mnist/85,0.06429739
mnist/849,0.0054884027
mnist/848,0.050829638
mnist/847,0.40091562
mnist/846,0.07055914
mnist/845,0.00259422
mnist/844,0.07322575
mnist/843,0.08256466
mnist/842,0.062838785
mnist/841,0.04374284
mnist/840,0.052563343
mnist/84,0.071516275
mnist/839,0.080024175
mnist/838,0.07470983
mnist/837,0.29033732
mnist/836,0.12868445
mnist/835,0.10718507
mnist/834,0.07345643
mnist/833,0.055132214
mnist/832,0.09927681
mnist/831,0.065087475
mnist/830,0.08252005
mnist/83,0.04397036
mnist/829,0.09835544
mnist/828,0.023410466
mnist/827,0.061561372
mnist/826,0.035808016
mnist/825,0.028881352
mnist/824,0.05113738
mnist/823,0.01452814
mnist/822,0.077024356
mnist/821,0.054857977
mnist/820,0.063044325
mnist/82,0.058073994
mnist/819,0.36449152
mnist/818,0.13186352
mnist/817,0.11120752
mnist/816,0.04560645
mnist/815,0.11488827
mnist/814,0.08027407
mnist/813,0.06446528
mnist/812,0.041939132
mnist/811,0.0515405
mnist/810,0.06356718
mnist/81,0.17099898
mnist/809,0.04408304
mnist/808,0.039516784
mnist/807,0.022865146
mnist/806,0.16592127
mnist/805,0.09215101
mnist/804,0.17569135
mnist/803,0.39679176
mnist/802,0.06988116
mnist/801,0.048105337
mnist/800,0.0691662
mnist/80,0.27126926
mnist/799,0.048610896
mnist/798,0.07074401
mnist/797,0.03563642
mnist/796,0.050804768
mnist/795,0.031764753
mnist/793,0.14544661
mnist/792,0.05952107
mnist/791,0.11213813
mnist/790,0.037681524
mnist/79,0.40277147
mnist/789,0.10613319
mnist/788,0.06808214
mnist/787,0.05397955
mnist/786,0.0382594
mnist/785,0.28030694
mnist/784,0.076155014
mnist/783,0.041704837
mnist/782,0.073790595
mnist/781,0.047243375
mnist/780,0.05815352
mnist/78,0.06237259
mnist/779,0.082721435
mnist/778,0.06148568
mnist/777,0.07843121
mnist/776,0.051201206
mnist/774,0.048907798
mnist/773,0.058904942
mnist/772,0.10878373
mnist/771,0.4517336
mnist/770,0.13135968
mnist/77,0.0068134693
mnist/769,0.07577324
mnist/768,0.055605814
mnist/767,0.058271594
mnist/766,0.01356849
mnist/765,0.057555836
mnist/764,0.037363768
mnist/763,0.1625279
mnist/762,0.13092296
mnist/761,0.030070974
mnist/760,0.08168038
mnist/76,0.049693648
mnist/759,0.05462242
mnist/758,0.057506338
mnist/757,0.04014482
mnist/756,0.0940647
mnist/755,0.020199886
mnist/754,0.08803438
mnist/753,0.085200846
mnist/752,0.06784702
mnist/751,0.061402965
mnist/750,0.08261985
mnist/75,0.048173606
mnist/749,0.031323418
mnist/748,0.05621603
mnist/747,0.07950081
mnist/746,0.07217787
mnist/745,0.21183188
mnist/744,0.095531195
mnist/743,0.05324249
mnist/742,0.040902395
mnist/741,0.06921649
mnist/740,0.16035159
mnist/74,0.07021932
mnist/739,0.054224074
mnist/738,0.056839466
mnist/737,0.110949546
mnist/736,0.055074986
mnist/735,0.047426436
mnist/734,0.106921524
mnist/733,0.05108625
mnist/732,0.07721301
mnist/731,0.039350964
mnist/730,0.05823305
mnist/73,0.015763113
mnist/729,0.064302444
mnist/728,0.038371567
mnist/727,0.3408662
mnist/726,0.1329093
mnist/724,0.056653384
mnist/723,0.010957903
mnist/722,0.042413995
mnist/721,0.058162034
mnist/720,0.06405063
mnist/72,0.05109419
mnist/719,0.09469106
mnist/718,0.050711844
mnist/717,0.050003305
mnist/716,0.071695276
mnist/715,0.053580105
mnist/714,0.031181091
mnist/713,0.06537945
mnist/712,0.29339555
mnist/711,0.009420058
mnist/710,0.07672969
mnist/71,0.36030614
mnist/709,0.031255495
mnist/708,0.047799334
mnist/707,0.08911782
mnist/706,0.12169646
mnist/705,0.007986225
mnist/704,0.074783474
mnist/703,0.0560191
mnist/702,0.076023035
mnist/701,0.084834024
mnist/700,0.13454059
mnist/70,0.04225757
mnist/7,0.102258615
mnist/699,0.1968823
mnist/698,0.029893747
mnist/697,0.028162712
mnist/696,0.1142239
mnist/695,0.095699735
mnist/694,0.35389116
mnist/692,0.03642497
mnist/691,0.025010632
mnist/690,0.13583712
mnist/69,0.10946222
mnist/689,0.009990319
mnist/688,0.018915983
mnist/687,0.035898194
mnist/686,0.10337419
mnist/685,0.062396754
mnist/684,0.03530592
mnist/683,0.08201844
mnist/682,0.064714365
mnist/681,0.08914118
mnist/680,0.025833547
mnist/68,0.10033658
mnist/679,0.2582773
mnist/678,0.030064223
mnist/677,0.07733868
mnist/676,0.06117233
mnist/675,0.03036644
mnist/674,0.03343904
mnist/673,0.05995173
mnist/672,0.11640327
mnist/671,0.05202693
mnist/670,0.061260924
mnist/67,0.1308305
mnist/669,0.012179765
mnist/668,0.12851062
mnist/667,0.051977668
mnist/666,0.32066315
mnist/665,0.12511128
mnist/664,0.029770257
mnist/663,0.054981258
mnist/662,0.066614665
mnist/661,0.36371297
mnist/660,0.016440198
mnist/66,0.04791788
mnist/659,0.023220906
mnist/658,0.09515757
mnist/657,0.03931339
mnist/656,0.08076692
mnist/655,0.059426565
mnist/654,0.03748631
mnist/653,0.07497015
mnist/652,0.06394692
mnist/651,0.0603868
mnist/650,0.068605065
mnist/65,0.06578116
mnist/649,0.037899103
mnist/648,0.123502076
mnist/647,0.07460742
mnist/646,0.06582349
mnist/645,0.051809918
mnist/644,0.28636253
mnist/643,0.15538383
mnist/642,0.042113137
mnist/641,0.034720503
mnist/640,0.09746299
mnist/64,0.21126159
mnist/639,0.42610607
mnist/638,0.059008494
mnist/637,0.07689983
mnist/636,0.05197497
mnist/635,0.2055152
mnist/634,0.07114549
mnist/633,0.050052304
mnist/632,0.061281785
mnist/631,0.040623836
mnist/630,0.057348344
mnist/63,0.045838375
mnist/629,0.020238793
mnist/628,0.05588189
mnist/627,0.03192972
mnist/626,0.0387665
mnist/625,0.06491324
mnist/624,0.0482792
mnist/623,0.18840528
mnist/622,0.153374
mnist/620,0.1220535
mnist/62,0.010256988
mnist/619,0.06558451
mnist/618,0.09062147
mnist/617,0.026051983
mnist/616,0.018281309
mnist/615,0.019357031
mnist/614,0.011672964
mnist/613,0.0873254
mnist/612,0.14865221
mnist/611,0.056510333
mnist/610,0.07454468
mnist/61,0.06391369
mnist/609,0.35766247
mnist/608,0.07121608
mnist/607,0.05390832
mnist/606,0.06264638
mnist/605,0.061435588
mnist/604,0.097675145
mnist/603,0.028572911
mnist/602,0.077310555
mnist/601,0.055608064
mnist/600,0.05229278
mnist/60,0.040010795
mnist/6,0.07060915
mnist/599,0.035741165
mnist/598,0.20966175
mnist/597,0.084123895
mnist/596,0.36532822
mnist/595,0.12692404
mnist/594,0.027309123
mnist/593,0.053900912
mnist/592,0.4451048
mnist/591,0.068357475
mnist/590,0.015705978
mnist/59,0.05093375
mnist/589,0.066917464
mnist/588,0.021960335
mnist/587,0.06536103
mnist/586,0.05850376
mnist/585,0.2570262
mnist/584,0.05267875
mnist/583,0.06749633
mnist/582,0.105704494
mnist/581,0.041077886
mnist/580,0.24692774
mnist/58,0.09727327
mnist/579,0.06961869
mnist/578,0.05866776
mnist/577,0.049175803
mnist/576,0.09236451
mnist/575,0.023534035
mnist/574,0.09132503
mnist/573,0.038892698
mnist/572,0.44974062
mnist/571,0.008057564
mnist/570,0.047647752
mnist/57,0.05480217
mnist/569,0.21864247
mnist/568,0.043172035
mnist/567,0.22992475
mnist/566,0.036392484
mnist/565,0.4107253
mnist/564,0.23894086
mnist/563,0.046440277
mnist/562,0.1026314
mnist/561,0.03612545
mnist/560,0.058161844
mnist/56,0.038896833
mnist/559,0.07260763
mnist/557,0.1335171
mnist/556,0.24080889
mnist/555,0.08360586
mnist/554,0.07123805
mnist/553,0.1966846
mnist/552,0.07784957
mnist/551,0.10686881
mnist/550,0.34709325
mnist/55,0.20779726
mnist/549,0.068935186
mnist/548,0.4363526
mnist/547,0.02067586
mnist/546,0.13696574
mnist/545,0.24705575
mnist/544,0.093399815
mnist/543,0.0989929
mnist/542,0.0038091268
mnist/541,0.088120274
mnist/540,0.037593734
mnist/54,0.055072077
mnist/539,0.0058001294
mnist/538,0.44137636
mnist/537,0.059543442
mnist/536,0.03776666
mnist/535,0.08392438
mnist/534,0.11351802
mnist/533,0.31350937
mnist/532,0.058741726
mnist/531,0.0572587
mnist/530,0.05390165
mnist/53,0.047723334
mnist/529,0.12470672
mnist/528,0.012271832
mnist/527,0.050571013
mnist/526,0.10047282
mnist/525,0.034895554
mnist/524,0.052797094
mnist/523,0.07764218
mnist/522,0.45869854
mnist/521,0.05605386
mnist/520,0.04014317
mnist/52,0.18682629
mnist/519,0.040255982
mnist/518,0.044685736
mnist/517,0.024398882
mnist/516,0.07034133
mnist/515,0.058089618
mnist/514,0.07551377
mnist/513,0.1060089
mnist/512,0.0745228
mnist/511,0.043755025
mnist/510,0.08628376
mnist/51,0.16175173
mnist/509,0.057839576
mnist/508,0.048674047
mnist/507,0.03556705
mnist/506,0.057707425
mnist/505,0.051235124
mnist/504,0.048700333
mnist/503,0.10342999
mnist/502,0.011373717
mnist/501,0.0038958811
mnist/500,0.057765435
mnist/5,0.047445185
mnist/499,0.27929696
mnist/498,0.14586514
mnist/497,0.029050387
mnist/496,0.05097025
mnist/495,0.1124957
mnist/494,0.19566518
mnist/493,0.034492303
mnist/492,0.010790842
mnist/491,0.0076570134
mnist/490,0.18011601
mnist/49,0.19496812
mnist/489,0.058203764
mnist/488,0.055443604
mnist/486,0.054980587
mnist/485,0.0066142944
mnist/484,0.0613128
mnist/483,0.08650891
mnist/482,0.0394897
mnist/481,0.05959827
mnist/480,0.059325594
mnist/48,0.059785463
mnist/479,0.05760249
mnist/478,0.08184982
mnist/477,0.06891178
mnist/476,0.12843557
mnist/475,0.19553284
mnist/474,0.010717044
mnist/473,0.06544814
mnist/472,0.172026
mnist/471,0.38475108
mnist/470,0.047242492
mnist/47,0.02893078
mnist/469,0.075960316
mnist/468,0.06494157
mnist/467,0.42151237
mnist/466,0.054075245
mnist/465,0.3663024
mnist/464,0.013208237
mnist/463,0.029841403
mnist/462,0.093335405
mnist/461,0.09002881
mnist/460,0.10874435
mnist/46,0.034988653
mnist/459,0.06692413
mnist/458,0.13827503
mnist/457,0.05996737
mnist/456,0.20794308
mnist/455,0.19377807
mnist/454,0.22229008
mnist/453,0.14585936
mnist/452,0.048286825
mnist/451,0.09488554
mnist/450,0.076757126
mnist/45,0.025348552
mnist/449,0.08946652
mnist/448,0.042485554
mnist/447,0.06807802
mnist/446,0.047198746
mnist/445,0.03940804
mnist/444,0.14795654
mnist/443,0.05760032
mnist/442,0.056672666
mnist/441,0.11643848
mnist/440,0.028235748
mnist/44,0.011689807
mnist/439,0.107586384
mnist/438,0.04040256
mnist/437,0.091717534
mnist/436,0.38935438
mnist/435,0.40319136
mnist/434,0.065139405
mnist/433,0.12440458
mnist/432,0.08474075
mnist/431,0.08097509
mnist/430,0.054257784
mnist/43,0.049249746
mnist/428,0.05365572
mnist/427,0.07616459
mnist/426,0.11935328
mnist/425,0.09220106
mnist/424,0.3798561
mnist/423,0.36579117
mnist/422,0.039016187
mnist/421,0.1083094
mnist/420,0.050596345
mnist/42,0.06764171
mnist/419,0.04959281
mnist/418,0.14193252
mnist/417,0.033946645
mnist/416,0.06902768
mnist/415,0.050295595
mnist/414,0.13893428
mnist/413,0.0570746
mnist/412,0.09665692
mnist/411,0.0706166
mnist/410,0.36232072
mnist/41,0.034578137
mnist/409,0.089029185
mnist/408,0.042100552
mnist/406,0.04763738
mnist/405,0.2344549
mnist/404,0.13779561
mnist/403,0.06787518
mnist/402,0.03429418
mnist/401,0.05052951
mnist/400,0.064799935
mnist/40,0.07885138
mnist/4,0.11422345
mnist/399,0.07228159
mnist/398,0.08456815
mnist/397,0.07375494
mnist/396,0.010181685
mnist/395,0.06598523
mnist/394,0.031724498
mnist/393,0.03701864
mnist/392,0.055075914
mnist/391,0.23929833
mnist/390,0.3496356
mnist/39,0.2390424
mnist/389,0.09235145
mnist/388,0.0667175
mnist/387,0.028192056
mnist/386,0.10042128
mnist/385,0.030050892
mnist/384,0.05410847
mnist/383,0.089687005
mnist/382,0.08418214
mnist/381,0.081176266
mnist/380,0.06730097
mnist/379,0.04323422
mnist/378,0.025480976
mnist/377,0.04320887
mnist/376,0.15978827
mnist/375,0.28307775
mnist/374,0.0057044406
mnist/373,0.098173544
mnist/372,0.07365913
mnist/371,0.030324694
mnist/370,0.033640094
mnist/37,0.13231564
mnist/369,0.07174377
mnist/368,0.040514465
mnist/367,0.046015374
mnist/366,0.06217586
mnist/365,0.11192281
mnist/364,0.056290302
mnist/363,0.055321362
mnist/362,0.0562662
mnist/361,0.03523875
mnist/360,0.025119847
mnist/36,0.054382604
mnist/359,0.083041914
mnist/358,0.11719065
mnist/357,0.057939883
mnist/356,0.30869597
mnist/355,0.06465865
mnist/354,0.07581669
mnist/353,0.013523059
mnist/352,0.109597676
mnist/351,0.4007296
mnist/350,0.102429144
mnist/35,0.16543849
mnist/349,0.07136799
mnist/348,0.047386404
mnist/347,0.067601904
mnist/346,0.086254284
mnist/345,0.040320948
mnist/344,0.1345943
mnist/343,0.06218312
mnist/342,0.06693215
mnist/341,0.010021818
mnist/340,0.01348139
mnist/34,0.052491106
mnist/339,0.06412736
mnist/338,0.09646514
mnist/337,0.010410048
mnist/336,0.055001482
mnist/335,0.11319202
mnist/334,0.09101337
mnist/333,0.061726566
mnist/332,0.08728197
mnist/33,0.07680577
mnist/329,0.11346325
mnist/328,0.048220202
mnist/327,0.08878168
mnist/326,0.2922228
mnist/325,0.11914427
mnist/324,0.01671645
mnist/323,0.03416939
mnist/321,0.0816448
mnist/320,0.06801251
mnist/32,0.072991915
mnist/319,0.07168015
mnist/318,0.12902786
mnist/317,0.25589484
mnist/316,0.02234382
mnist/315,0.06652155
mnist/314,0.48690265
mnist/313,0.04381053
mnist/312,0.07930128
mnist/311,0.095507786
mnist/310,0.08343375
mnist/309,0.012821998
mnist/308,0.053618945
mnist/307,0.3044052
mnist/306,0.07114657
mnist/305,0.058858093
mnist/304,0.14117548
mnist/303,0.2131298
mnist/302,0.20418037
mnist/301,0.06670526
mnist/300,0.07722158
mnist/30,0.06493657
mnist/3,0.13516285
mnist/299,0.05510526
mnist/298,0.012551094
mnist/297,0.07713914
mnist/296,0.05395247
mnist/295,0.06766735
mnist/294,0.09591454
mnist/293,0.30363983
mnist/292,0.12232082
mnist/291,0.075056754
mnist/290,0.027775297
mnist/29,0.100582525
mnist/289,0.10361222
mnist/288,0.11113813
mnist/287,0.116887085
mnist/286,0.045781426
mnist/285,0.06529053
mnist/284,0.07603864
mnist/283,0.044208005
mnist/282,0.053508908
mnist/281,0.058482897
mnist/280,0.06311902
mnist/28,0.049119968
mnist/279,0.071954906
mnist/278,0.00775656
mnist/277,0.05694633
mnist/276,0.05978969
mnist/275,0.066359736
mnist/274,0.08918681
mnist/273,0.074809335
mnist/272,0.065799974
mnist/271,0.15043896
mnist/270,0.055212907
mnist/27,0.08211874
mnist/269,0.06371316
mnist/268,0.03679571
mnist/267,0.07963448
mnist/266,0.03453872
mnist/265,0.07011434
mnist/264,0.14642479
mnist/263,0.03949689
mnist/262,0.020322757
mnist/261,0.098435864
mnist/260,0.04780236
mnist/26,0.037436474
mnist/259,0.08366881
mnist/258,0.09209754
mnist/257,0.17274164
mnist/256,0.1593908
mnist/255,0.03464473
mnist/254,0.15630065
mnist/253,0.13570084
mnist/252,0.02511629
mnist/251,0.07534364
mnist/250,0.40432233
mnist/25,0.05381136
mnist/249,0.06605312
mnist/248,0.10580048
mnist/247,0.011972655
mnist/246,0.043463778
mnist/245,0.19952065
mnist/244,0.25766963
mnist/243,0.09150152
mnist/242,0.08026929
mnist/241,0.08058853
mnist/240,0.22246122
mnist/24,0.05188426
mnist/239,0.06104208
mnist/238,0.0397451
mnist/237,0.05638129
mnist/236,0.37603125
mnist/235,0.24840699
mnist/234,0.104145385
mnist/233,0.06712791
mnist/232,0.17568552
mnist/231,0.04886034
mnist/230,0.078312784
mnist/23,0.054046817
mnist/229,0.08237436
mnist/228,0.061704915
mnist/227,0.054460328
mnist/226,0.029728925
mnist/225,0.050880417
mnist/224,0.047132466
mnist/223,0.16569625
mnist/222,0.40230608
mnist/221,0.010275263
mnist/220,0.07251864
mnist/219,0.07065794
mnist/218,0.109078944
mnist/217,0.14255606
mnist/216,0.18235387
mnist/215,0.06601635
mnist/214,0.050960463
mnist/213,0.105310544
mnist/212,0.33414105
mnist/211,0.13374889
mnist/210,0.15703014
mnist/21,0.11841907
mnist/209,0.08081681
mnist/208,0.045242358
mnist/207,0.1122635
mnist/206,0.032910824
mnist/205,0.07732848
mnist/204,0.03839364
mnist/203,0.104840316
mnist/202,0.08060115
mnist/201,0.23028746
mnist/200,0.049267035
mnist/20,0.116302
mnist/2,0.069576
mnist/199,0.11770649
mnist/198,0.048952363
mnist/197,0.08222773
mnist/196,0.055236004
mnist/195,0.17395602
mnist/194,0.27698788
mnist/193,0.0519399
mnist/192,0.115689255
mnist/191,0.067667335
mnist/190,0.061336342
mnist/19,0.04626664
mnist/189,0.19695944
mnist/188,0.06102523
mnist/187,0.055267487
mnist/186,0.18529391
mnist/185,0.058210336
mnist/184,0.0512206
mnist/183,0.04447095
mnist/182,0.058255486
mnist/181,0.17224929
mnist/180,0.052777033
mnist/18,0.066538304
mnist/179,0.12730381
mnist/178,0.053497046
mnist/177,0.023827976
mnist/176,0.05407802
mnist/175,0.07526104
mnist/174,0.05369267
mnist/173,0.046702716
mnist/172,0.03645574
mnist/171,0.10283365
mnist/170,0.06545791
mnist/17,0.014308777
mnist/169,0.04038286
mnist/168,0.013045708
mnist/167,0.03986294
mnist/166,0.07544927
mnist/165,0.043816306
mnist/164,0.018982112
mnist/163,0.04588537
mnist/162,0.15993111
mnist/161,0.056443714
mnist/160,0.046484254
mnist/16,0.028295998
mnist/158,0.07698476
mnist/157,0.13552064
mnist/156,0.11495197
mnist/155,0.07393371
mnist/154,0.0225452
mnist/153,0.045257814
mnist/152,0.10938642
mnist/151,0.0021430566
mnist/150,0.059580766
mnist/15,0.07746692
mnist/149,0.0489783
mnist/148,0.07772902
mnist/147,0.19346191
mnist/146,0.042374346
mnist/145,0.04838683
mnist/144,0.04463289
mnist/143,0.056820504
mnist/142,0.08524673
mnist/141,0.06939381
mnist/140,0.13507676
mnist/14,0.13667323
mnist/139,0.05057642
mnist/138,0.018053064
mnist/137,0.051350933
mnist/136,0.08089536
mnist/135,0.07631419
mnist/134,0.050489694
mnist/133,0.07614782
mnist/132,0.046692975
mnist/131,0.06477865
mnist/130,0.08276948
mnist/13,0.07063715
mnist/129,0.16097459
mnist/128,0.08545819
mnist/127,0.051516023
mnist/126,0.15803635
mnist/125,0.05546894
mnist/124,0.08030128
mnist/123,0.02056804
mnist/122,0.058404732
mnist/121,0.05098958
mnist/120,0.04873352
mnist/12,0.048962254
mnist/119,0.17268607
mnist/118,0.16905457
mnist/117,0.040563565
mnist/116,0.0075829634
mnist/115,0.041022167
mnist/114,0.0543882
mnist/113,0.027438784
mnist/112,0.05961114
mnist/111,0.1182388
mnist/110,0.20412457
mnist/11,0.1250563
mnist/109,0.056607977
mnist/108,0.07175649
mnist/107,0.16773188
mnist/106,0.0189877
mnist/105,0.24753208
mnist/104,0.040791463
mnist/103,0.20316307
mnist/102,0.09871153
mnist/101,0.19571187
mnist/100,0.07548281
mnist/10,0.052421812
mnist/1,0.06660076
mnist/0,0.105575055
mostlyconvex/999,0.040817153
mostlyconvex/998,0.3749081
mostlyconvex/997,0.08380123
mostlyconvex/996,0.22828175
mostlyconvex/995,0.039148882
mostlyconvex/994,0.040942423
mostlyconvex/993,0.3787697
mostlyconvex/992,0.040335305
mostlyconvex/991,0.029046299
mostlyconvex/990,0.019034296
mostlyconvex/99,0.4028663
mostlyconvex/989,0.18867283
mostlyconvex/988,0.025583666
mostlyconvex/987,0.011300633
mostlyconvex/985,0.2808468
mostlyconvex/984,0.03298707
mostlyconvex/983,0.03773614
mostlyconvex/982,0.038925912
mostlyconvex/981,0.36890852
mostlyconvex/980,0.06121799
mostlyconvex/98,0.37788296
mostlyconvex/979,0.028124405
mostlyconvex/978,0.040296875
mostlyconvex/977,0.0119342655
mostlyconvex/976,0.0075615286
mostlyconvex/975,0.1883568
mostlyconvex/974,0.028781764
mostlyconvex/973,0.05084119
mostlyconvex/972,0.1401876
mostlyconvex/971,0.067948
mostlyconvex/970,0.28316996
mostlyconvex/97,0.4603223
mostlyconvex/969,0.43497935
mostlyconvex/968,0.104808524
mostlyconvex/966,0.02590901
mostlyconvex/965,0.08556505
mostlyconvex/964,0.012232228
mostlyconvex/963,0.32746458
mostlyconvex/962,0.08512712
mostlyconvex/961,0.13043162
mostlyconvex/960,0.1564228
mostlyconvex/96,0.032293573
mostlyconvex/959,0.008961549
mostlyconvex/958,0.19468988
mostlyconvex/957,0.11961828
mostlyconvex/956,0.026761863
mostlyconvex/955,0.050898235
mostlyconvex/954,0.08354414
mostlyconvex/953,0.112354875
mostlyconvex/952,0.027675865
mostlyconvex/951,0.48357698
mostlyconvex/950,0.37475353
mostlyconvex/95,0.12950656
mostlyconvex/949,0.4357428
mostlyconvex/947,0.42602658
mostlyconvex/946,0.2913727
mostlyconvex/945,0.024711793
mostlyconvex/944,0.31880507
mostlyconvex/943,0.010296896
mostlyconvex/942,0.105048314
mostlyconvex/941,0.041406307
mostlyconvex/940,0.018651983
mostlyconvex/94,0.16314942
mostlyconvex/939,0.43197623
mostlyconvex/938,0.05833578
mostlyconvex/936,0.06608629
mostlyconvex/935,0.23545459
mostlyconvex/934,0.28655413
mostlyconvex/933,0.07289979
mostlyconvex/932,0.15721597
mostlyconvex/931,0.04339364
mostlyconvex/930,0.03738907
mostlyconvex/93,0.20338264
mostlyconvex/929,0.041431244
mostlyconvex/928,0.015545844
mostlyconvex/927,0.04036691
mostlyconvex/926,0.021346482
mostlyconvex/925,0.120876156
mostlyconvex/923,0.15891246
mostlyconvex/922,0.44610628
mostlyconvex/921,0.01729378
mostlyconvex/920,0.049523607
mostlyconvex/92,0.026596267
mostlyconvex/918,0.47491598
mostlyconvex/917,0.33070686
mostlyconvex/916,0.043363903
mostlyconvex/915,0.08989224
mostlyconvex/914,0.08553678
mostlyconvex/913,0.029459095
mostlyconvex/912,0.07236585
mostlyconvex/911,0.067406476
mostlyconvex/910,0.029792387
mostlyconvex/91,0.21871972
mostlyconvex/909,0.4689888
mostlyconvex/908,0.24185601
mostlyconvex/907,0.4104514
mostlyconvex/906,0.027729388
mostlyconvex/905,0.13142143
mostlyconvex/904,0.14213562
mostlyconvex/903,0.06509438
mostlyconvex/902,0.41964886
mostlyconvex/901,0.33510953
mostlyconvex/900,0.085803494
mostlyconvex/90,0.15512022
mostlyconvex/9,0.4398429
mostlyconvex/899,0.0334144
mostlyconvex/898,0.2351286
mostlyconvex/897,0.02850125
mostlyconvex/896,0.0598397
mostlyconvex/895,0.1742333
mostlyconvex/894,0.06171365
mostlyconvex/893,0.04232356
mostlyconvex/892,0.05597297
mostlyconvex/891,0.1028935
mostlyconvex/890,0.023897756
mostlyconvex/89,0.036919136
mostlyconvex/889,0.066426106
mostlyconvex/888,0.018803634
mostlyconvex/887,0.41971743
mostlyconvex/886,0.07668135
mostlyconvex/885,0.048305437
mostlyconvex/884,0.04134171
mostlyconvex/883,0.08385611
mostlyconvex/882,0.08814692
mostlyconvex/881,0.10582291
mostlyconvex/880,0.07830372
mostlyconvex/88,0.4193458
mostlyconvex/879,0.018386707
mostlyconvex/878,0.022059703
mostlyconvex/877,0.03426221
mostlyconvex/876,0.20405221
mostlyconvex/875,0.07835681
mostlyconvex/874,0.2611236
mostlyconvex/873,0.1380712
mostlyconvex/871,0.10242548
mostlyconvex/870,0.48012328
mostlyconvex/87,0.11576666
mostlyconvex/869,0.08949722
mostlyconvex/868,0.1730903
mostlyconvex/867,0.031603333
mostlyconvex/866,0.3477178
mostlyconvex/865,0.039991084
mostlyconvex/864,0.3063842
mostlyconvex/863,0.21026047
mostlyconvex/862,0.04880336
mostlyconvex/861,0.07474254
mostlyconvex/860,0.13698016
mostlyconvex/86,0.15203235
mostlyconvex/859,0.16107401
mostlyconvex/858,0.17459291
mostlyconvex/857,0.02559274
mostlyconvex/856,0.044357296
mostlyconvex/855,0.18892552
mostlyconvex/854,0.10919993
mostlyconvex/853,0.0510308
mostlyconvex/852,0.051402666
mostlyconvex/851,0.08759556
mostlyconvex/850,0.17925704
mostlyconvex/85,0.15931289
mostlyconvex/849,0.091403775
mostlyconvex/848,0.3128101
mostlyconvex/847,0.1569382
mostlyconvex/846,0.2303476
mostlyconvex/845,0.17567347
mostlyconvex/844,0.049030192
mostlyconvex/843,0.22798054
mostlyconvex/842,0.112929724
mostlyconvex/841,0.024848541
mostlyconvex/840,0.10264158
mostlyconvex/84,0.42160073
mostlyconvex/839,0.3720044
mostlyconvex/838,0.12573281
mostlyconvex/837,0.013582951
mostlyconvex/836,0.06702136
mostlyconvex/835,0.08494521
mostlyconvex/834,0.0052008196
mostlyconvex/833,0.03914284
mostlyconvex/832,0.14820148
mostlyconvex/831,0.019621506
mostlyconvex/830,0.0956961
mostlyconvex/83,0.4832959
mostlyconvex/829,0.36014035
mostlyconvex/828,0.11431666
mostlyconvex/827,0.012992744
mostlyconvex/826,0.023565007
mostlyconvex/825,0.15140405
mostlyconvex/823,0.008335433
mostlyconvex/822,0.030163223
mostlyconvex/821,0.15197293
mostlyconvex/820,0.09241406
mostlyconvex/82,0.05345993
mostlyconvex/819,0.103206314
mostlyconvex/817,0.027638756
mostlyconvex/815,0.055090502
mostlyconvex/814,0.08661482
mostlyconvex/813,0.061222684
mostlyconvex/812,0.09419929
mostlyconvex/811,0.07652102
mostlyconvex/810,0.026268695
mostlyconvex/81,0.04321898
mostlyconvex/809,0.07604371
mostlyconvex/808,0.06313325
mostlyconvex/807,0.033580568
mostlyconvex/806,0.31308725
mostlyconvex/805,0.036996044
mostlyconvex/804,0.032834087
mostlyconvex/803,0.027047189
mostlyconvex/802,0.2598132
mostlyconvex/801,0.062223606
mostlyconvex/800,0.041110154
mostlyconvex/80,0.012937582
mostlyconvex/8,0.37304288
mostlyconvex/798,0.048198275
mostlyconvex/797,0.027499696
mostlyconvex/796,0.2610547
mostlyconvex/795,0.22427681
mostlyconvex/794,0.043165334
mostlyconvex/793,0.33571765
mostlyconvex/792,0.014081901
mostlyconvex/791,0.124104366
mostlyconvex/790,0.2583003
mostlyconvex/79,0.041083448
mostlyconvex/789,0.27015734
mostlyconvex/788,0.10819418
mostlyconvex/787,0.03370299
mostlyconvex/786,0.026523363
mostlyconvex/785,0.065351315
mostlyconvex/784,0.052370388
mostlyconvex/783,0.09947709
mostlyconvex/782,0.07460882
mostlyconvex/781,0.24056697
mostlyconvex/78,0.39037293
mostlyconvex/779,0.004814263
mostlyconvex/778,0.07139506
mostlyconvex/777,0.23803957
mostlyconvex/776,0.021451227
mostlyconvex/775,0.0074953088
mostlyconvex/774,0.06723886
mostlyconvex/773,0.08706142
mostlyconvex/772,0.08578644
mostlyconvex/771,0.016365673
mostlyconvex/770,0.034913592
mostlyconvex/77,0.0325241
mostlyconvex/769,0.24753208
mostlyconvex/768,0.06856831
mostlyconvex/767,0.41595635
mostlyconvex/766,0.4506716
mostlyconvex/765,0.02874917
mostlyconvex/764,0.11308671
mostlyconvex/763,0.046543483
mostlyconvex/762,0.23131813
mostlyconvex/761,0.03817903
mostlyconvex/760,0.029752783
mostlyconvex/76,0.121320345
mostlyconvex/759,0.07723186
mostlyconvex/758,0.055199027
mostlyconvex/757,0.051242974
mostlyconvex/756,0.07888328
mostlyconvex/755,0.038430765
mostlyconvex/754,0.020585667
mostlyconvex/753,0.09443835
mostlyconvex/752,0.077275485
mostlyconvex/751,0.015933326
mostlyconvex/750,0.01207831
mostlyconvex/75,0.024205457
mostlyconvex/749,0.009916112
mostlyconvex/748,0.09713244
mostlyconvex/747,0.041371837
mostlyconvex/746,0.14101583
mostlyconvex/745,0.043885894
mostlyconvex/744,0.12590267
mostlyconvex/743,0.10430823
mostlyconvex/742,0.027461926
mostlyconvex/741,0.0194979
mostlyconvex/740,0.39714107
mostlyconvex/74,0.015863612
mostlyconvex/739,0.120552644
mostlyconvex/738,0.27213952
mostlyconvex/737,0.4399559
mostlyconvex/736,0.25451428
mostlyconvex/735,0.10318669
mostlyconvex/734,0.44113472
mostlyconvex/733,0.09069807
mostlyconvex/731,0.33501673
mostlyconvex/730,0.073406704
mostlyconvex/73,0.22227132
mostlyconvex/729,0.032144807
mostlyconvex/728,0.038780876
mostlyconvex/727,0.23553161
mostlyconvex/726,0.020477844
mostlyconvex/725,0.051259253
mostlyconvex/724,0.11790212
mostlyconvex/723,0.27466837
mostlyconvex/722,0.1091673
mostlyconvex/721,0.033346705
mostlyconvex/720,0.074105516
mostlyconvex/72,0.0700951
mostlyconvex/719,0.017127749
mostlyconvex/718,0.018513184
mostlyconvex/717,0.19760926
mostlyconvex/716,0.04784803
mostlyconvex/715,0.06262936
mostlyconvex/714,0.48710585
mostlyconvex/713,0.11277721
mostlyconvex/712,0.05380124
mostlyconvex/711,0.088810645
mostlyconvex/710,0.073156044
mostlyconvex/71,0.18258321
mostlyconvex/709,0.033067018
mostlyconvex/708,0.3973558
mostlyconvex/707,0.4074552
mostlyconvex/706,0.06383489
mostlyconvex/705,0.112338364
mostlyconvex/704,0.037236117
mostlyconvex/703,0.071479134
mostlyconvex/702,0.27462044
mostlyconvex/701,0.005079041
mostlyconvex/700,0.07700021
mostlyconvex/70,0.27421838
mostlyconvex/7,0.07728154
mostlyconvex/699,0.46209028
mostlyconvex/698,0.06892388
mostlyconvex/697,0.047919452
mostlyconvex/696,0.52039313
mostlyconvex/695,0.062205445
mostlyconvex/694,0.3665481
mostlyconvex/693,0.38466167
mostlyconvex/692,0.069409855
mostlyconvex/691,0.10073314
mostlyconvex/690,0.41474506
mostlyconvex/69,0.008763593
mostlyconvex/689,0.1509537
mostlyconvex/688,0.04593853
mostlyconvex/687,0.0118664075
mostlyconvex/686,0.09821273
mostlyconvex/685,0.1358733
mostlyconvex/684,0.27321136
mostlyconvex/683,0.030721359
mostlyconvex/682,0.03677999
mostlyconvex/681,0.2040201
mostlyconvex/680,0.42213345
mostlyconvex/68,0.18432455
mostlyconvex/679,0.090379976
mostlyconvex/678,0.45378962
mostlyconvex/677,0.05962521
mostlyconvex/675,0.096118055
mostlyconvex/674,0.47956038
mostlyconvex/673,0.04633729
mostlyconvex/672,0.17302556
mostlyconvex/671,0.34000313
mostlyconvex/670,0.10121579
mostlyconvex/67,0.01642499
mostlyconvex/669,0.02614719
mostlyconvex/668,0.16888472
mostlyconvex/667,0.027613549
mostlyconvex/666,0.056757674
mostlyconvex/665,0.23077956
mostlyconvex/664,0.3661198
mostlyconvex/663,0.04240497
mostlyconvex/662,0.16231556
mostlyconvex/661,0.27983007
mostlyconvex/660,0.03294883
mostlyconvex/66,0.028632203
mostlyconvex/659,0.38771877
mostlyconvex/658,0.029042024
mostlyconvex/657,0.025062088
mostlyconvex/656,0.013731812
mostlyconvex/655,0.19357637
mostlyconvex/654,0.027404347
mostlyconvex/653,0.10436331
mostlyconvex/652,0.16804248
mostlyconvex/651,0.21295495
mostlyconvex/650,0.44556516
mostlyconvex/65,0.11475765
mostlyconvex/649,0.043772906
mostlyconvex/648,0.14538798
mostlyconvex/647,0.022828141
mostlyconvex/646,0.3385949
mostlyconvex/645,0.0766594
mostlyconvex/644,0.019125218
mostlyconvex/643,0.082704976
mostlyconvex/642,0.107604176
mostlyconvex/641,0.05268138
mostlyconvex/640,0.12252259
mostlyconvex/64,0.018230433
mostlyconvex/639,0.047668684
mostlyconvex/638,0.48267776
mostlyconvex/637,0.11164803
mostlyconvex/636,0.15072165
mostlyconvex/634,0.051843457
mostlyconvex/633,0.02808552
mostlyconvex/632,0.061896846
mostlyconvex/631,0.025052803
mostlyconvex/630,0.06114182
mostlyconvex/63,0.055610105
mostlyconvex/629,0.010046497
mostlyconvex/628,0.06706732
mostlyconvex/627,0.19685802
mostlyconvex/626,0.04080774
mostlyconvex/625,0.024949234
mostlyconvex/624,0.25547916
mostlyconvex/623,0.02234064
mostlyconvex/622,0.051320784
mostlyconvex/621,0.027745271
mostlyconvex/620,0.0334583
mostlyconvex/62,0.046368916
mostlyconvex/619,0.08894708
mostlyconvex/618,0.052602757
mostlyconvex/617,0.045903914
mostlyconvex/616,0.11064682
mostlyconvex/614,0.04846658
mostlyconvex/613,0.034808658
mostlyconvex/612,0.23304398
mostlyconvex/611,0.014253911
mostlyconvex/610,0.027034627
mostlyconvex/61,0.17233014
mostlyconvex/609,0.2527099
mostlyconvex/608,0.16059981
mostlyconvex/607,0.16655108
mostlyconvex/606,0.044891883
mostlyconvex/605,0.1485206
mostlyconvex/604,0.050126087
mostlyconvex/603,0.122474216
mostlyconvex/602,0.049337212
mostlyconvex/601,0.5001962
mostlyconvex/600,0.01691169
mostlyconvex/60,0.026557801
mostlyconvex/6,0.04861949
mostlyconvex/599,0.03401692
mostlyconvex/598,0.06419019
mostlyconvex/597,0.024304856
mostlyconvex/596,0.18451399
mostlyconvex/594,0.30965635
mostlyconvex/593,0.08544203
mostlyconvex/592,0.09455076
mostlyconvex/591,0.023034701
mostlyconvex/590,0.108391285
mostlyconvex/59,0.16376987
mostlyconvex/589,0.089019366
mostlyconvex/588,0.065949425
mostlyconvex/587,0.2252855
mostlyconvex/586,0.012069599
mostlyconvex/585,0.03808794
mostlyconvex/584,0.42521623
mostlyconvex/583,0.013036647
mostlyconvex/582,0.027624464
mostlyconvex/581,0.18395464
mostlyconvex/580,0.14195597
mostlyconvex/58,0.12550683
mostlyconvex/579,0.07449624
mostlyconvex/578,0.073663525
mostlyconvex/577,0.020344185
mostlyconvex/576,0.055926405
mostlyconvex/575,0.07741844
mostlyconvex/574,0.36528632
mostlyconvex/573,0.05665883
mostlyconvex/572,0.01980674
mostlyconvex/571,0.035483208
mostlyconvex/570,0.15004343
mostlyconvex/57,0.022257056
mostlyconvex/569,0.15445006
mostlyconvex/568,0.23283732
mostlyconvex/567,0.3413047
mostlyconvex/566,0.01940938
mostlyconvex/565,0.10606926
mostlyconvex/564,0.010670395
mostlyconvex/563,0.4050916
mostlyconvex/562,0.22839552
mostlyconvex/561,0.4397502
mostlyconvex/560,0.06635229
mostlyconvex/56,0.11334535
mostlyconvex/559,0.1318609
mostlyconvex/558,0.22919878
mostlyconvex/557,0.062566586
mostlyconvex/556,0.37231824
mostlyconvex/555,0.19767272
mostlyconvex/554,0.43973872
mostlyconvex/552,0.0052732755
mostlyconvex/550,0.02425773
mostlyconvex/55,0.024240604
mostlyconvex/549,0.026075626
mostlyconvex/548,0.36333135
mostlyconvex/547,0.16809677
mostlyconvex/546,0.059812266
mostlyconvex/545,0.12582459
mostlyconvex/544,0.0073080757
mostlyconvex/543,0.38780344
mostlyconvex/542,0.05158828
mostlyconvex/541,0.026637947
mostlyconvex/54,0.07482857
mostlyconvex/539,0.02461062
mostlyconvex/538,0.058266424
mostlyconvex/537,0.0080386
mostlyconvex/536,0.086764246
mostlyconvex/535,0.05874598
mostlyconvex/534,0.12270135
mostlyconvex/533,0.05467562
mostlyconvex/532,0.28986964
mostlyconvex/531,0.041395973
mostlyconvex/530,0.03513239
mostlyconvex/53,0.045277353
mostlyconvex/529,0.34214008
mostlyconvex/528,0.040898163
mostlyconvex/527,0.015828513
mostlyconvex/526,0.1895582
mostlyconvex/525,0.22515132
mostlyconvex/523,0.030666608
mostlyconvex/521,0.1601361
mostlyconvex/520,0.0074924
mostlyconvex/52,0.2856344
mostlyconvex/519,0.0027896955
mostlyconvex/518,0.017376669
mostlyconvex/517,0.10505544
mostlyconvex/516,0.31791577
mostlyconvex/515,0.059916474
mostlyconvex/514,0.013355644
mostlyconvex/513,0.0318991
mostlyconvex/512,0.05047622
mostlyconvex/510,0.2803665
mostlyconvex/509,0.23449849
mostlyconvex/508,0.101895556
mostlyconvex/507,0.2989378
mostlyconvex/506,0.24728216
mostlyconvex/505,0.059027117
mostlyconvex/504,0.051019
mostlyconvex/503,0.03855963
mostlyconvex/502,0.046161253
mostlyconvex/501,0.06693051
mostlyconvex/500,0.015399118
mostlyconvex/5,0.4099536
mostlyconvex/499,0.01056807
mostlyconvex/498,0.09132631
mostlyconvex/497,0.09979131
mostlyconvex/496,0.024207443
mostlyconvex/495,0.021313157
mostlyconvex/494,0.021721978
mostlyconvex/493,0.11501083
mostlyconvex/492,0.15639389
mostlyconvex/491,0.10174569
mostlyconvex/490,0.049810275
mostlyconvex/49,0.32032004
mostlyconvex/489,0.021229353
mostlyconvex/488,0.03812729
mostlyconvex/487,0.03755159
mostlyconvex/486,0.030729562
mostlyconvex/485,0.41007826
mostlyconvex/484,0.016147742
mostlyconvex/483,0.030878726
mostlyconvex/482,0.031388465
mostlyconvex/481,0.16057925
mostlyconvex/480,0.45138115
mostlyconvex/48,0.2438999
mostlyconvex/479,0.023064163
mostlyconvex/478,0.06800945
mostlyconvex/477,0.3980428
mostlyconvex/476,0.10871453
mostlyconvex/475,0.060149457
mostlyconvex/474,0.30234182
mostlyconvex/472,0.314344
mostlyconvex/471,0.12011314
mostlyconvex/470,0.39948082
mostlyconvex/47,0.059572197
mostlyconvex/469,0.025793647
mostlyconvex/467,0.030072916
mostlyconvex/466,0.052325092
mostlyconvex/465,0.13308945
mostlyconvex/464,0.013194027
mostlyconvex/463,0.027370496
mostlyconvex/462,0.08995626
mostlyconvex/461,0.021902079
mostlyconvex/460,0.13283964
mostlyconvex/458,0.030734885
mostlyconvex/457,0.0153249735
mostlyconvex/456,0.07546776
mostlyconvex/455,0.49088904
mostlyconvex/454,0.07480205
mostlyconvex/453,0.28588605
mostlyconvex/452,0.23613802
mostlyconvex/451,0.016498866
mostlyconvex/450,0.0952336
mostlyconvex/45,0.07881657
mostlyconvex/449,0.013598656
mostlyconvex/448,0.05746075
mostlyconvex/447,0.048183974
mostlyconvex/446,0.054269686
mostlyconvex/445,0.020875685
mostlyconvex/444,0.05764775
mostlyconvex/443,0.03849313
mostlyconvex/442,0.03177777
mostlyconvex/441,0.4713046
mostlyconvex/440,0.071453705
mostlyconvex/44,0.078277774
mostlyconvex/439,0.008147457
mostlyconvex/438,0.048455965
mostlyconvex/437,0.051965605
mostlyconvex/436,0.053447023
mostlyconvex/435,0.078239165
mostlyconvex/434,0.004767866
mostlyconvex/433,0.05016926
mostlyconvex/431,0.09122404
mostlyconvex/430,0.38870344
mostlyconvex/43,0.016615622
mostlyconvex/429,0.03152222
mostlyconvex/428,0.10866621
mostlyconvex/427,0.27926627
mostlyconvex/426,0.005363424
mostlyconvex/423,0.2664504
mostlyconvex/422,0.19664228
mostlyconvex/421,0.12834567
mostlyconvex/42,0.042344067
mostlyconvex/419,0.3538114
mostlyconvex/418,0.14354412
mostlyconvex/417,0.093101606
mostlyconvex/416,0.16376987
mostlyconvex/415,0.018253243
mostlyconvex/414,0.21426924
mostlyconvex/413,0.042288575
mostlyconvex/412,0.04399706
mostlyconvex/411,0.24797398
mostlyconvex/410,0.018934123
mostlyconvex/41,0.33429536
mostlyconvex/409,0.08555409
mostlyconvex/408,0.06746904
mostlyconvex/407,0.049854577
mostlyconvex/406,0.041267525
mostlyconvex/405,0.10096682
mostlyconvex/404,0.11529093
mostlyconvex/403,0.09286404
mostlyconvex/402,0.10931088
mostlyconvex/401,0.058305282
mostlyconvex/400,0.23431459
mostlyconvex/40,0.13576984
mostlyconvex/4,0.34363684
mostlyconvex/398,0.035062343
mostlyconvex/397,0.0048976564
mostlyconvex/396,0.038430553
mostlyconvex/395,0.481786
mostlyconvex/394,0.1895582
mostlyconvex/393,0.3602328
mostlyconvex/392,0.21515355
mostlyconvex/391,0.021874439
mostlyconvex/390,0.34214008
mostlyconvex/39,0.0055221915
mostlyconvex/389,0.45501134
mostlyconvex/388,0.024298431
mostlyconvex/387,0.44644406
mostlyconvex/386,0.04668246
mostlyconvex/385,0.354987
mostlyconvex/384,0.0124508245
mostlyconvex/383,0.14741278
mostlyconvex/382,0.05227507
mostlyconvex/381,0.042284183
mostlyconvex/380,0.024093743
mostlyconvex/38,0.022993477
mostlyconvex/379,0.25357375
mostlyconvex/377,0.049866404
mostlyconvex/376,0.035296418
mostlyconvex/375,0.40163678
mostlyconvex/374,0.06853529
mostlyconvex/373,0.4486334
mostlyconvex/372,0.090798855
mostlyconvex/371,0.054829318
mostlyconvex/370,0.080555476
mostlyconvex/37,0.08183597
mostlyconvex/369,0.33078572
mostlyconvex/368,0.071929805
mostlyconvex/367,0.3223179
mostlyconvex/366,0.017966574
mostlyconvex/365,0.023038521
mostlyconvex/364,0.011388649
mostlyconvex/363,0.041354757
mostlyconvex/362,0.32650483
mostlyconvex/361,0.1833691
mostlyconvex/360,0.08319622
mostlyconvex/36,0.016428832
mostlyconvex/359,0.0941777
mostlyconvex/358,0.34341505
mostlyconvex/357,0.044582225
mostlyconvex/356,0.035144232
mostlyconvex/355,0.4524373
mostlyconvex/354,0.03830268
mostlyconvex/353,0.029708924
mostlyconvex/352,0.026576355
mostlyconvex/351,0.008265902
mostlyconvex/350,0.06540858
mostlyconvex/349,0.043585133
mostlyconvex/347,0.082846284
mostlyconvex/346,0.39210317
mostlyconvex/345,0.059774697
mostlyconvex/344,0.1047111
mostlyconvex/343,0.02556949
mostlyconvex/342,0.10790086
mostlyconvex/341,0.056350652
mostlyconvex/340,0.059709147
mostlyconvex/34,0.0048553417
mostlyconvex/339,0.1749912
mostlyconvex/338,0.055138186
mostlyconvex/337,0.44800147
mostlyconvex/336,0.25681293
mostlyconvex/335,0.003588554
mostlyconvex/334,0.13517132
mostlyconvex/333,0.0591647
mostlyconvex/332,0.40607685
mostlyconvex/331,0.051823575
mostlyconvex/330,0.29380682
mostlyconvex/33,0.26242176
mostlyconvex/329,0.041116066
mostlyconvex/327,0.034136746
mostlyconvex/326,0.026770622
mostlyconvex/325,0.044765078
mostlyconvex/324,0.10839376
mostlyconvex/323,0.021031214
mostlyconvex/322,0.36682332
mostlyconvex/321,0.24199153
mostlyconvex/320,0.049341265
mostlyconvex/32,0.029625155
mostlyconvex/319,0.051182553
mostlyconvex/318,0.05427519
mostlyconvex/317,0.051337786
mostlyconvex/316,0.06392363
mostlyconvex/315,0.0614609
mostlyconvex/314,0.29664192
mostlyconvex/313,0.1444453
mostlyconvex/312,0.05193981
mostlyconvex/311,0.475319
mostlyconvex/310,0.09135461
mostlyconvex/31,0.07807913
mostlyconvex/309,0.224507
mostlyconvex/308,0.06363877
mostlyconvex/307,0.46566966
mostlyconvex/306,0.047974966
mostlyconvex/305,0.33803725
mostlyconvex/304,0.1263934
mostlyconvex/303,0.038610782
mostlyconvex/302,0.18202904
mostlyconvex/301,0.20395088
mostlyconvex/300,0.25099733
mostlyconvex/30,0.03653566
mostlyconvex/3,0.02293317
mostlyconvex/299,0.06158865
mostlyconvex/298,0.15863347
mostlyconvex/297,0.12601088
mostlyconvex/296,0.04007054
mostlyconvex/295,0.105450734
mostlyconvex/294,0.07679599
mostlyconvex/293,0.004878754
mostlyconvex/292,0.04587306
mostlyconvex/291,0.16264604
mostlyconvex/290,0.087377444
mostlyconvex/29,0.31375244
mostlyconvex/289,0.05674209
mostlyconvex/288,0.16786583
mostlyconvex/287,0.022866
mostlyconvex/286,0.045731638
mostlyconvex/285,0.32200268
mostlyconvex/284,0.16125716
mostlyconvex/283,0.04765118
mostlyconvex/282,0.010338514
mostlyconvex/281,0.016855627
mostlyconvex/280,0.04957916
mostlyconvex/279,0.035993304
mostlyconvex/278,0.49041158
mostlyconvex/277,0.056649484
mostlyconvex/276,0.018751355
mostlyconvex/275,0.051584955
mostlyconvex/274,0.1103765
mostlyconvex/273,0.35095528
mostlyconvex/272,0.04255556
mostlyconvex/271,0.33636156
mostlyconvex/270,0.02257031
mostlyconvex/27,0.03627347
mostlyconvex/269,0.0451444
mostlyconvex/267,0.18469904
mostlyconvex/266,0.07332443
mostlyconvex/265,0.079747915
mostlyconvex/264,0.3591066
mostlyconvex/263,0.12791441
mostlyconvex/262,0.3572922
mostlyconvex/261,0.12338717
mostlyconvex/260,0.13104932
mostlyconvex/26,0.235446
mostlyconvex/259,0.03188032
mostlyconvex/258,0.032983497
mostlyconvex/257,0.02287197
mostlyconvex/256,0.35316673
mostlyconvex/255,0.03514822
mostlyconvex/254,0.04528553
mostlyconvex/253,0.04845162
mostlyconvex/252,0.15375777
mostlyconvex/251,0.03163307
mostlyconvex/25,0.40989953
mostlyconvex/249,0.080871455
mostlyconvex/248,0.16625036
mostlyconvex/247,0.14583273
mostlyconvex/246,0.05264607
mostlyconvex/245,0.015731733
mostlyconvex/244,0.053947803
mostlyconvex/243,0.13500388
mostlyconvex/242,0.117723
mostlyconvex/241,0.09797066
mostlyconvex/240,0.009744725
mostlyconvex/24,0.1455331
mostlyconvex/239,0.023214128
mostlyconvex/238,0.082704976
mostlyconvex/237,0.035434093
mostlyconvex/236,0.036887266
mostlyconvex/235,0.09098137
mostlyconvex/234,0.02215927
mostlyconvex/233,0.024250317
mostlyconvex/232,0.09711841
mostlyconvex/231,0.023247955
mostlyconvex/230,0.067319185
mostlyconvex/23,0.047323372
mostlyconvex/229,0.11475675
mostlyconvex/228,0.06706336
mostlyconvex/227,0.0852768
mostlyconvex/226,0.015668375
mostlyconvex/225,0.09303742
mostlyconvex/224,0.35686538
mostlyconvex/223,0.023301685
mostlyconvex/222,0.41421354
mostlyconvex/221,0.11152626
mostlyconvex/220,0.02571819
mostlyconvex/22,0.29463518
mostlyconvex/218,0.44764093
mostlyconvex/217,0.14405672
mostlyconvex/216,0.023412807
mostlyconvex/215,0.031615105
mostlyconvex/214,0.0439324
mostlyconvex/213,0.02806826
mostlyconvex/212,0.04343894
mostlyconvex/211,0.00331026
mostlyconvex/210,0.052926976
mostlyconvex/21,0.0072081713
mostlyconvex/209,0.0362972
mostlyconvex/206,0.017420998
mostlyconvex/205,0.09118682
mostlyconvex/204,0.06236956
mostlyconvex/203,0.067127675
mostlyconvex/202,0.018055445
mostlyconvex/201,0.015540981
mostlyconvex/200,0.15054253
mostlyconvex/20,0.091389105
mostlyconvex/2,0.0857039
mostlyconvex/199,0.49197805
mostlyconvex/198,0.50911695
mostlyconvex/197,0.0807708
mostlyconvex/196,0.16001806
mostlyconvex/195,0.033998545
mostlyconvex/194,0.124918126
mostlyconvex/193,0.37583244
mostlyconvex/192,0.038855895
mostlyconvex/191,0.2638558
mostlyconvex/190,0.22179888
mostlyconvex/19,0.39471048
mostlyconvex/189,0.08101483
mostlyconvex/188,0.099564545
mostlyconvex/187,0.33050978
mostlyconvex/186,0.09252123
mostlyconvex/185,0.06537632
mostlyconvex/184,0.005902295
mostlyconvex/183,0.1001361
mostlyconvex/182,0.14605668
mostlyconvex/180,0.017446242
mostlyconvex/18,0.06206127
mostlyconvex/179,0.036093917
mostlyconvex/178,0.071757816
mostlyconvex/177,0.023731742
mostlyconvex/176,0.057171647
mostlyconvex/174,0.37274897
mostlyconvex/173,0.38420522
mostlyconvex/172,0.021114688
mostlyconvex/171,0.41964886
mostlyconvex/170,0.22266954
mostlyconvex/17,0.05140045
mostlyconvex/169,0.35602853
mostlyconvex/168,0.35329607
mostlyconvex/166,0.10981179
mostlyconvex/165,0.375753
mostlyconvex/164,0.11531123
mostlyconvex/163,0.19468988
mostlyconvex/162,0.022396132
mostlyconvex/161,0.06796226
mostlyconvex/160,0.1438955
mostlyconvex/16,0.051021263
mostlyconvex/159,0.11137223
mostlyconvex/158,0.029996447
mostlyconvex/157,0.1021059
mostlyconvex/156,0.024073407
mostlyconvex/155,0.023636645
mostlyconvex/154,0.039555006
mostlyconvex/153,0.017398281
mostlyconvex/152,0.17481779
mostlyconvex/151,0.1958741
mostlyconvex/150,0.029186567
mostlyconvex/15,0.029557839
mostlyconvex/149,0.10781047
mostlyconvex/148,0.09747062
mostlyconvex/147,0.06372967
mostlyconvex/146,0.068848066
mostlyconvex/145,0.08963172
mostlyconvex/144,0.07931775
mostlyconvex/141,0.1444256
mostlyconvex/140,0.0136747705
mostlyconvex/14,0.025622783
mostlyconvex/139,0.0197183
mostlyconvex/138,0.19877331
mostlyconvex/137,0.4451079
mostlyconvex/136,0.0063718464
mostlyconvex/135,0.034543682
mostlyconvex/134,0.16908143
mostlyconvex/132,0.056751825
mostlyconvex/131,0.07145952
mostlyconvex/130,0.00895739
mostlyconvex/13,0.095489934
mostlyconvex/129,0.034842294
mostlyconvex/128,0.045668487
mostlyconvex/127,0.053795718
mostlyconvex/126,0.021242337
mostlyconvex/125,0.038718596
mostlyconvex/122,0.11329584
mostlyconvex/121,0.037145417
mostlyconvex/12,0.37519726
mostlyconvex/119,0.07102027
mostlyconvex/118,0.032431234
mostlyconvex/117,0.10128845
mostlyconvex/116,0.026699945
mostlyconvex/115,0.44608954
mostlyconvex/114,0.029052543
mostlyconvex/113,0.056133125
mostlyconvex/112,0.07993343
mostlyconvex/111,0.035883717
mostlyconvex/110,0.0763419
mostlyconvex/11,0.17367248
mostlyconvex/109,0.070571594
mostlyconvex/108,0.26009807
mostlyconvex/107,0.32232735
mostlyconvex/106,0.07425871
mostlyconvex/105,0.040828418
mostlyconvex/104,0.08694665
mostlyconvex/103,0.15024577
mostlyconvex/102,0.08883918
mostlyconvex/101,0.065823704
mostlyconvex/100,0.06424053
mostlyconvex/10,0.00842806
mostlyconvex/1,0.14085442
mostlyconvex/0,0.03758417
